DAY,DATE,EASTERN,LOCAL,AWAY,HOME
Fri.,10/4/24,1:00 PM,7:00 PM,New Jersey,Buffalo
Sat.,10/5/24,10:00 AM,4:00 PM,Buffalo,New Jersey
Tue.,10/8/24,4:30 PM,1:30 PM,St. Louis,Seattle
Tue.,10/8/24,7:00 PM,7:00 PM,Boston,Florida
Tue.,10/8/24,10:00 PM,8:00 PM,Chicago,Utah
Wed.,10/9/24,7:00 PM,7:00 PM,Toronto,Montreal
Wed.,10/9/24,7:30 PM,7:30 PM,N.Y. Rangers,Pittsburgh
Wed.,10/9/24,10:00 PM,8:00 PM,Winnipeg,Edmonton
Wed.,10/9/24,10:00 PM,7:00 PM,Calgary,Vancouver
Wed.,10/9/24,10:00 PM,7:00 PM,Colorado,Vegas
Thu.,10/10/24,7:00 PM,7:00 PM,Montreal,Boston
Thu.,10/10/24,7:00 PM,7:00 PM,Los Angeles,Buffalo
Thu.,10/10/24,7:00 PM,7:00 PM,Florida,Ottawa
Thu.,10/10/24,7:00 PM,7:00 PM,Pittsburgh,Detroit
Thu.,10/10/24,7:00 PM,7:00 PM,Toronto,New Jersey
Thu.,10/10/24,7:30 PM,7:30 PM,Utah,N.Y. Islanders
Thu.,10/10/24,8:00 PM,7:00 PM,Dallas,Nashville
Thu.,10/10/24,8:00 PM,7:00 PM,Columbus,Minnesota
Thu.,10/10/24,10:30 PM,7:30 PM,St. Louis,San Jose
Fri.,10/11/24,7:00 PM,7:00 PM,Tampa Bay,Carolina
Fri.,10/11/24,8:00 PM,7:00 PM,Chicago,Winnipeg
Fri.,10/11/24,10:00 PM,7:00 PM,Philadelphia,Vancouver
Fri.,10/11/24,10:00 PM,7:00 PM,St. Louis,Vegas
Sat.,10/12/24,1:00 PM,1:00 PM,Los Angeles,Boston
Sat.,10/12/24,7:00 PM,7:00 PM,Florida,Buffalo
Sat.,10/12/24,7:00 PM,7:00 PM,Pittsburgh,Toronto
Sat.,10/12/24,7:00 PM,7:00 PM,Ottawa,Montreal
Sat.,10/12/24,7:00 PM,7:00 PM,Nashville,Detroit
Sat.,10/12/24,7:00 PM,7:00 PM,Carolina,Tampa Bay
Sat.,10/12/24,7:00 PM,7:00 PM,Utah,N.Y. Rangers
Sat.,10/12/24,7:00 PM,7:00 PM,New Jersey,Washington
Sat.,10/12/24,8:00 PM,7:00 PM,N.Y. Islanders,Dallas
Sat.,10/12/24,8:00 PM,7:00 PM,Seattle,Minnesota
Sat.,10/12/24,9:00 PM,7:00 PM,Columbus,Colorado
Sat.,10/12/24,10:00 PM,8:00 PM,Philadelphia,Calgary
Sat.,10/12/24,10:00 PM,8:00 PM,Chicago,Edmonton
Sat.,10/12/24,10:00 PM,7:00 PM,Anaheim,San Jose
Sun.,10/13/24,6:00 PM,5:00 PM,Minnesota,Winnipeg
Sun.,10/13/24,8:00 PM,7:00 PM,Seattle,Dallas
Sun.,10/13/24,8:00 PM,6:00 PM,Calgary,Edmonton
Sun.,10/13/24,10:00 PM,7:00 PM,Anaheim,Vegas
Mon.,10/14/24,1:00 PM,1:00 PM,Florida,Boston
Mon.,10/14/24,1:00 PM,1:00 PM,Los Angeles,Ottawa
Mon.,10/14/24,1:00 PM,1:00 PM,Utah,New Jersey
Mon.,10/14/24,7:00 PM,7:00 PM,Detroit,N.Y. Rangers
Mon.,10/14/24,7:30 PM,7:30 PM,Pittsburgh,Montreal
Mon.,10/14/24,9:00 PM,7:00 PM,N.Y. Islanders,Colorado
Tue.,10/15/24,7:00 PM,7:00 PM,Vancouver,Tampa Bay
Tue.,10/15/24,7:00 PM,7:00 PM,Vegas,Washington
Tue.,10/15/24,7:00 PM,7:00 PM,New Jersey,Carolina
Tue.,10/15/24,7:00 PM,7:00 PM,Florida,Columbus
Tue.,10/15/24,7:30 PM,6:30 PM,Minnesota,St. Louis
Tue.,10/15/24,8:00 PM,7:00 PM,Seattle,Nashville
Tue.,10/15/24,8:00 PM,7:00 PM,San Jose,Dallas
Tue.,10/15/24,9:00 PM,7:00 PM,Chicago,Calgary
Tue.,10/15/24,10:00 PM,8:00 PM,Philadelphia,Edmonton
Wed.,10/16/24,7:00 PM,7:00 PM,Buffalo,Pittsburgh
Wed.,10/16/24,7:30 PM,7:30 PM,Los Angeles,Toronto
Wed.,10/16/24,9:30 PM,7:30 PM,Boston,Colorado
Wed.,10/16/24,10:00 PM,7:00 PM,Utah,Anaheim
Thu.,10/17/24,7:00 PM,7:00 PM,Los Angeles,Montreal
Thu.,10/17/24,7:00 PM,7:00 PM,New Jersey,Ottawa
Thu.,10/17/24,7:00 PM,7:00 PM,N.Y. Rangers,Detroit
Thu.,10/17/24,7:00 PM,7:00 PM,Vegas,Tampa Bay
Thu.,10/17/24,7:00 PM,7:00 PM,Vancouver,Florida
Thu.,10/17/24,7:00 PM,7:00 PM,Dallas,Washington
Thu.,10/17/24,7:00 PM,7:00 PM,Buffalo,Columbus
Thu.,10/17/24,8:00 PM,7:00 PM,N.Y. Islanders,St. Louis
Thu.,10/17/24,8:00 PM,7:00 PM,Edmonton,Nashville
Thu.,10/17/24,8:30 PM,7:30 PM,San Jose,Chicago
Thu.,10/17/24,10:00 PM,7:00 PM,Philadelphia,Seattle
Fri.,10/18/24,7:00 PM,7:00 PM,Carolina,Pittsburgh
Fri.,10/18/24,8:00 PM,7:00 PM,San Jose,Winnipeg
Fri.,10/18/24,9:00 PM,7:00 PM,Anaheim,Colorado
Sat.,10/19/24,1:00 PM,1:00 PM,Tampa Bay,Ottawa
Sat.,10/19/24,2:00 PM,1:00 PM,Detroit,Nashville
Sat.,10/19/24,4:00 PM,3:00 PM,Edmonton,Dallas
Sat.,10/19/24,6:00 PM,6:00 PM,Vegas,Florida
Sat.,10/19/24,7:00 PM,7:00 PM,N.Y. Rangers,Toronto
Sat.,10/19/24,7:00 PM,7:00 PM,Washington,New Jersey
Sat.,10/19/24,7:00 PM,7:00 PM,Montreal,N.Y. Islanders
Sat.,10/19/24,7:00 PM,7:00 PM,Vancouver,Philadelphia
Sat.,10/19/24,7:00 PM,7:00 PM,Minnesota,Columbus
Sat.,10/19/24,7:00 PM,6:00 PM,Carolina,St. Louis
Sat.,10/19/24,8:00 PM,7:00 PM,Buffalo,Chicago
Sat.,10/19/24,9:00 PM,7:00 PM,Boston,Utah
Sat.,10/19/24,10:00 PM,7:00 PM,Calgary,Seattle
Sun.,10/20/24,3:00 PM,2:00 PM,Pittsburgh,Winnipeg
Sun.,10/20/24,4:00 PM,1:00 PM,Colorado,San Jose
Sun.,10/20/24,8:00 PM,5:00 PM,Los Angeles,Anaheim
Mon.,10/21/24,7:30 PM,7:30 PM,Tampa Bay,Toronto
Tue.,10/22/24,6:00 PM,6:00 PM,Washington,Philadelphia
Tue.,10/22/24,6:30 PM,6:30 PM,Minnesota,Florida
Tue.,10/22/24,6:45 PM,6:45 PM,Tampa Bay,New Jersey
Tue.,10/22/24,7:00 PM,7:00 PM,Dallas,Buffalo
Tue.,10/22/24,7:15 PM,7:15 PM,N.Y. Rangers,Montreal
Tue.,10/22/24,7:30 PM,7:30 PM,Toronto,Columbus
Tue.,10/22/24,7:45 PM,7:45 PM,Detroit,N.Y. Islanders
Tue.,10/22/24,8:00 PM,7:00 PM,Winnipeg,St. Louis
Tue.,10/22/24,8:15 PM,7:15 PM,Vancouver,Chicago
Tue.,10/22/24,8:30 PM,7:30 PM,Boston,Nashville
Tue.,10/22/24,8:45 PM,6:45 PM,Pittsburgh,Calgary
Tue.,10/22/24,9:00 PM,7:00 PM,Carolina,Edmonton
Tue.,10/22/24,9:15 PM,7:15 PM,Ottawa,Utah
Tue.,10/22/24,9:45 PM,6:45 PM,San Jose,Anaheim
Tue.,10/22/24,10:30 PM,7:30 PM,Colorado,Seattle
Tue.,10/22/24,11:00 PM,8:00 PM,Los Angeles,Vegas
Wed.,10/23/24,7:30 PM,7:30 PM,Philadelphia,Washington
Thu.,10/24/24,7:00 PM,7:00 PM,Dallas,Boston
Thu.,10/24/24,7:00 PM,7:00 PM,St. Louis,Toronto
Thu.,10/24/24,7:00 PM,7:00 PM,New Jersey,Detroit
Thu.,10/24/24,7:00 PM,7:00 PM,Minnesota,Tampa Bay
Thu.,10/24/24,7:00 PM,7:00 PM,Florida,N.Y. Rangers
Thu.,10/24/24,9:00 PM,7:00 PM,Carolina,Calgary
Thu.,10/24/24,9:00 PM,7:00 PM,Colorado,Utah
Thu.,10/24/24,10:00 PM,7:00 PM,Winnipeg,Seattle
Thu.,10/24/24,10:30 PM,7:30 PM,San Jose,Los Angeles
Fri.,10/25/24,6:00 PM,3:00 PM,Ottawa,Vegas
Fri.,10/25/24,7:00 PM,7:00 PM,N.Y. Islanders,New Jersey
Fri.,10/25/24,8:30 PM,7:30 PM,Nashville,Chicago
Fri.,10/25/24,9:00 PM,7:00 PM,Pittsburgh,Edmonton
Sat.,10/26/24,1:00 PM,1:00 PM,Detroit,Buffalo
Sat.,10/26/24,1:00 PM,1:00 PM,Minnesota,Philadelphia
Sat.,10/26/24,4:00 PM,1:00 PM,Utah,Los Angeles
Sat.,10/26/24,7:00 PM,7:00 PM,Toronto,Boston
Sat.,10/26/24,7:00 PM,7:00 PM,St. Louis,Montreal
Sat.,10/26/24,7:00 PM,7:00 PM,Washington,Tampa Bay
Sat.,10/26/24,7:00 PM,7:00 PM,Anaheim,N.Y. Rangers
Sat.,10/26/24,7:00 PM,5:00 PM,Winnipeg,Calgary
Sat.,10/26/24,7:30 PM,7:30 PM,Florida,N.Y. Islanders
Sat.,10/26/24,8:00 PM,7:00 PM,Columbus,Nashville
Sat.,10/26/24,8:00 PM,7:00 PM,Chicago,Dallas
Sat.,10/26/24,10:00 PM,7:00 PM,Pittsburgh,Vancouver
Sat.,10/26/24,10:00 PM,7:00 PM,San Jose,Vegas
Sat.,10/26/24,10:00 PM,7:00 PM,Carolina,Seattle
Sun.,10/27/24,6:00 PM,6:00 PM,Edmonton,Detroit
Sun.,10/27/24,7:00 PM,7:00 PM,Anaheim,New Jersey
Sun.,10/27/24,7:00 PM,7:00 PM,Montreal,Philadelphia
Sun.,10/27/24,9:00 PM,7:00 PM,Ottawa,Colorado
Mon.,10/28/24,7:00 PM,7:00 PM,Florida,Buffalo
Mon.,10/28/24,7:00 PM,7:00 PM,Nashville,Tampa Bay
Mon.,10/28/24,7:00 PM,7:00 PM,Edmonton,Columbus
Mon.,10/28/24,7:30 PM,6:30 PM,Toronto,Winnipeg
Mon.,10/28/24,9:00 PM,7:00 PM,Chicago,Colorado
Mon.,10/28/24,9:00 PM,7:00 PM,San Jose,Utah
Mon.,10/28/24,10:00 PM,7:00 PM,Carolina,Vancouver
Mon.,10/28/24,10:00 PM,7:00 PM,Calgary,Vegas
Tue.,10/29/24,7:00 PM,7:00 PM,Philadelphia,Boston
Tue.,10/29/24,7:00 PM,7:00 PM,Seattle,Montreal
Tue.,10/29/24,7:00 PM,7:00 PM,St. Louis,Ottawa
Tue.,10/29/24,7:00 PM,7:00 PM,N.Y. Rangers,Washington
Tue.,10/29/24,7:00 PM,7:00 PM,Anaheim,N.Y. Islanders
Tue.,10/29/24,7:30 PM,7:30 PM,Minnesota,Pittsburgh
Tue.,10/29/24,10:00 PM,7:00 PM,Los Angeles,San Jose
Wed.,10/30/24,7:00 PM,7:00 PM,N.Y. Islanders,Columbus
Wed.,10/30/24,7:30 PM,7:30 PM,Winnipeg,Detroit
Wed.,10/30/24,9:00 PM,7:00 PM,Tampa Bay,Colorado
Wed.,10/30/24,9:30 PM,7:30 PM,Calgary,Utah
Wed.,10/30/24,10:30 PM,7:30 PM,New Jersey,Vancouver
Wed.,10/30/24,10:30 PM,7:30 PM,Vegas,Los Angeles
Thu.,10/31/24,7:00 PM,7:00 PM,Seattle,Toronto
Thu.,10/31/24,7:00 PM,7:00 PM,St. Louis,Philadelphia
Thu.,10/31/24,7:00 PM,7:00 PM,Anaheim,Pittsburgh
Thu.,10/31/24,7:00 PM,7:00 PM,Montreal,Washington
Thu.,10/31/24,7:00 PM,7:00 PM,Boston,Carolina
Thu.,10/31/24,8:00 PM,7:00 PM,Edmonton,Nashville
Thu.,10/31/24,10:30 PM,7:30 PM,Chicago,San Jose
Fri.,11/1/24,7:00 PM,7:00 PM,N.Y. Islanders,Buffalo
Fri.,11/1/24,7:00 PM,7:00 PM,Ottawa,N.Y. Rangers
Fri.,11/1/24,7:00 PM,7:00 PM,Winnipeg,Columbus
Fri.,11/1/24,8:00 PM,7:00 PM,Tampa Bay,Minnesota
Fri.,11/1/24,1:00 PM,8:00 PM,Florida,Dallas
Fri.,11/1/24,9:00 PM,7:00 PM,New Jersey,Calgary
Sat.,11/2/24,1:00 PM,1:00 PM,Boston,Philadelphia
Sat.,11/2/24,4:00 PM,1:00 PM,Chicago,Los Angeles
Sat.,11/2/24,5:00 PM,5:00 PM,Columbus,Washington
Sat.,11/2/24,11:00 AM,6:00 PM,Dallas,Florida
Sat.,11/2/24,7:00 PM,7:00 PM,Seattle,Ottawa
Sat.,11/2/24,7:00 PM,7:00 PM,Buffalo,Detroit
Sat.,11/2/24,7:00 PM,7:00 PM,Montreal,Pittsburgh
Sat.,11/2/24,7:00 PM,6:00 PM,Toronto,St. Louis
Sat.,11/2/24,8:00 PM,7:00 PM,Colorado,Nashville
Sat.,11/2/24,10:00 PM,7:00 PM,Utah,Vegas
Sat.,11/2/24,10:00 PM,7:00 PM,Vancouver,San Jose
Sun.,11/3/24,1:00 PM,1:00 PM,N.Y. Islanders,N.Y. Rangers
Sun.,11/3/24,3:00 PM,2:00 PM,Tampa Bay,Winnipeg
Sun.,11/3/24,5:00 PM,5:00 PM,Seattle,Boston
Sun.,11/3/24,5:00 PM,5:00 PM,Washington,Carolina
Sun.,11/3/24,6:00 PM,5:00 PM,Toronto,Minnesota
Sun.,11/3/24,8:00 PM,6:00 PM,Edmonton,Calgary
Sun.,11/3/24,8:00 PM,5:00 PM,Chicago,Anaheim
Mon.,11/4/24,8:00 PM,7:00 PM,Los Angeles,Nashville
Mon.,11/4/24,8:30 PM,6:30 PM,New Jersey,Edmonton
Tue.,11/5/24,7:00 PM,7:00 PM,Ottawa,Buffalo
Tue.,11/5/24,7:00 PM,7:00 PM,Boston,Toronto
Tue.,11/5/24,7:00 PM,7:00 PM,Calgary,Montreal
Tue.,11/5/24,7:00 PM,7:00 PM,Philadelphia,Carolina
Tue.,11/5/24,7:30 PM,7:30 PM,Pittsburgh,N.Y. Islanders
Tue.,11/5/24,8:00 PM,7:00 PM,Tampa Bay,St. Louis
Tue.,11/5/24,8:00 PM,7:00 PM,Los Angeles,Minnesota
Tue.,11/5/24,8:00 PM,7:00 PM,Utah,Winnipeg
Tue.,11/5/24,9:00 PM,7:00 PM,Seattle,Colorado
Tue.,11/5/24,10:00 PM,7:00 PM,Vancouver,Anaheim
Tue.,11/5/24,10:30 PM,7:30 PM,Columbus,San Jose
Wed.,11/6/24,7:00 PM,7:00 PM,Nashville,Washington
Wed.,11/6/24,8:00 PM,7:00 PM,Detroit,Chicago
Wed.,11/6/24,8:30 PM,6:30 PM,Vegas,Edmonton
Thu.,11/7/24,7:00 PM,7:00 PM,Calgary,Boston
Thu.,11/7/24,7:00 PM,7:00 PM,N.Y. Islanders,Ottawa
Thu.,11/7/24,7:00 PM,7:00 PM,Philadelphia,Tampa Bay
Thu.,11/7/24,7:00 PM,7:00 PM,Nashville,Florida
Thu.,11/7/24,7:00 PM,7:00 PM,Montreal,New Jersey
Thu.,11/7/24,7:00 PM,7:00 PM,Buffalo,N.Y. Rangers
Thu.,11/7/24,7:00 PM,7:00 PM,Pittsburgh,Carolina
Thu.,11/7/24,8:00 PM,7:00 PM,Utah,St. Louis
Thu.,11/7/24,8:00 PM,7:00 PM,Chicago,Dallas
Thu.,11/7/24,8:00 PM,7:00 PM,Colorado,Winnipeg
Thu.,11/7/24,10:30 PM,7:30 PM,Vancouver,Los Angeles
Thu.,11/7/24,10:30 PM,7:30 PM,Minnesota,San Jose
Fri.,11/8/24,7:00 PM,7:00 PM,Detroit,Toronto
Fri.,11/8/24,7:00 PM,7:00 PM,Pittsburgh,Washington
Fri.,11/8/24,10:00 PM,7:00 PM,Minnesota,Anaheim
Fri.,11/8/24,10:00 PM,7:00 PM,Vegas,Seattle
Sat.,11/9/24,1:00 PM,1:00 PM,Calgary,Buffalo
Sat.,11/9/24,6:00 PM,6:00 PM,Philadelphia,Florida
Sat.,11/9/24,7:00 PM,7:00 PM,Ottawa,Boston
Sat.,11/9/24,7:00 PM,7:00 PM,Montreal,Toronto
Sat.,11/9/24,7:00 PM,7:00 PM,N.Y. Rangers,Detroit
Sat.,11/9/24,7:00 PM,6:00 PM,Washington,St. Louis
Sat.,11/9/24,7:00 PM,6:00 PM,Dallas,Winnipeg
Sat.,11/9/24,7:30 PM,7:30 PM,New Jersey,N.Y. Islanders
Sat.,11/9/24,8:00 PM,7:00 PM,Utah,Nashville
Sat.,11/9/24,9:00 PM,7:00 PM,Carolina,Colorado
Sat.,11/9/24,9:00 PM,6:00 PM,Columbus,Los Angeles
Sat.,11/9/24,10:00 PM,7:00 PM,Edmonton,Vancouver
Sun.,11/10/24,7:00 PM,7:00 PM,San Jose,New Jersey
Sun.,11/10/24,7:00 PM,6:00 PM,Minnesota,Chicago
Sun.,11/10/24,8:00 PM,5:00 PM,Columbus,Anaheim
Mon.,11/11/24,12:30 PM,12:30 PM,Montreal,Buffalo
Mon.,11/11/24,7:00 PM,7:00 PM,San Jose,Philadelphia
Mon.,11/11/24,7:00 PM,7:00 PM,Dallas,Pittsburgh
Mon.,11/11/24,8:30 PM,6:30 PM,Los Angeles,Calgary
Mon.,11/11/24,9:00 PM,7:00 PM,Nashville,Colorado
Mon.,11/11/24,10:00 PM,7:00 PM,Carolina,Vegas
Tue.,11/12/24,7:00 PM,7:00 PM,Ottawa,Toronto
Tue.,11/12/24,7:00 PM,7:00 PM,New Jersey,Florida
Tue.,11/12/24,7:00 PM,7:00 PM,Winnipeg,N.Y. Rangers
Tue.,11/12/24,8:00 PM,7:00 PM,Boston,St. Louis
Tue.,11/12/24,9:00 PM,7:00 PM,N.Y. Islanders,Edmonton
Tue.,11/12/24,10:00 PM,7:00 PM,Calgary,Vancouver
Tue.,11/12/24,10:00 PM,7:00 PM,Columbus,Seattle
Wed.,11/13/24,7:30 PM,7:30 PM,Detroit,Pittsburgh
Wed.,11/13/24,7:30 PM,7:30 PM,Toronto,Washington
Wed.,11/13/24,9:00 PM,7:00 PM,Carolina,Utah
Wed.,11/13/24,10:00 PM,8:00 PM,Los Angeles,Colorado
Wed.,11/13/24,10:00 PM,7:00 PM,Vegas,Anaheim
Thu.,11/14/24,7:00 PM,7:00 PM,St. Louis,Buffalo
Thu.,11/14/24,7:00 PM,7:00 PM,Philadelphia,Ottawa
Thu.,11/14/24,7:00 PM,7:00 PM,Winnipeg,Tampa Bay
Thu.,11/14/24,7:00 PM,7:00 PM,New Jersey,Florida
Thu.,11/14/24,7:00 PM,7:00 PM,San Jose,N.Y. Rangers
Thu.,11/14/24,8:00 PM,7:00 PM,Boston,Dallas
Thu.,11/14/24,8:00 PM,7:00 PM,Montreal,Minnesota
Thu.,11/14/24,9:00 PM,7:00 PM,Nashville,Edmonton
Thu.,11/14/24,10:00 PM,7:00 PM,N.Y. Islanders,Vancouver
Thu.,11/14/24,10:00 PM,7:00 PM,Chicago,Seattle
Fri.,11/15/24,7:00 PM,7:00 PM,Pittsburgh,Columbus
Fri.,11/15/24,9:00 PM,7:00 PM,Washington,Colorado
Fri.,11/15/24,9:00 PM,7:00 PM,Nashville,Calgary
Fri.,11/15/24,9:00 PM,7:00 PM,Vegas,Utah
Fri.,11/15/24,10:00 PM,7:00 PM,Detroit,Anaheim
Sat.,11/16/24,1:00 PM,1:00 PM,St. Louis,Boston
Sat.,11/16/24,4:00 PM,1:00 PM,N.Y. Islanders,Seattle
Sat.,11/16/24,7:00 PM,7:00 PM,Edmonton,Toronto
Sat.,11/16/24,7:00 PM,7:00 PM,Columbus,Montreal
Sat.,11/16/24,7:00 PM,7:00 PM,New Jersey,Tampa Bay
Sat.,11/16/24,7:00 PM,7:00 PM,Winnipeg,Florida
Sat.,11/16/24,7:00 PM,7:00 PM,Buffalo,Philadelphia
Sat.,11/16/24,7:00 PM,7:00 PM,San Jose,Pittsburgh
Sat.,11/16/24,7:00 PM,7:00 PM,Ottawa,Carolina
Sat.,11/16/24,8:00 PM,7:00 PM,Dallas,Minnesota
Sat.,11/16/24,8:00 PM,5:00 PM,Detroit,Los Angeles
Sat.,11/16/24,10:00 PM,7:00 PM,Chicago,Vancouver
Sun.,11/17/24,5:00 PM,5:00 PM,St. Louis,Carolina
Sun.,11/17/24,8:00 PM,5:00 PM,Nashville,Vancouver
Sun.,11/17/24,8:00 PM,5:00 PM,Washington,Vegas
Sun.,11/17/24,9:00 PM,6:00 PM,N.Y. Rangers,Seattle
Mon.,11/18/24,7:00 PM,7:00 PM,Columbus,Boston
Mon.,11/18/24,7:00 PM,7:00 PM,Colorado,Philadelphia
Mon.,11/18/24,7:30 PM,7:30 PM,Edmonton,Montreal
Mon.,11/18/24,8:00 PM,7:00 PM,Anaheim,Dallas
Mon.,11/18/24,9:00 PM,7:00 PM,Washington,Utah
Mon.,11/18/24,10:30 PM,7:30 PM,Detroit,San Jose
Tue.,11/19/24,7:00 PM,7:00 PM,Edmonton,Ottawa
Tue.,11/19/24,7:00 PM,7:00 PM,Tampa Bay,Pittsburgh
Tue.,11/19/24,8:00 PM,7:00 PM,Minnesota,St. Louis
Tue.,11/19/24,8:00 PM,7:00 PM,Florida,Winnipeg
Tue.,11/19/24,8:30 PM,7:30 PM,Anaheim,Chicago
Tue.,11/19/24,9:00 PM,7:00 PM,N.Y. Islanders,Calgary
Tue.,11/19/24,10:00 PM,7:00 PM,N.Y. Rangers,Vancouver
Wed.,11/20/24,7:30 PM,7:30 PM,Vegas,Toronto
Wed.,11/20/24,7:30 PM,7:30 PM,Carolina,Philadelphia
Wed.,11/20/24,8:00 PM,7:00 PM,San Jose,Dallas
Wed.,11/20/24,10:00 PM,7:00 PM,Nashville,Seattle
Wed.,11/20/24,10:30 PM,7:30 PM,Buffalo,Los Angeles
Thu.,11/21/24,7:00 PM,7:00 PM,Utah,Boston
Thu.,11/21/24,7:00 PM,7:00 PM,Vegas,Ottawa
Thu.,11/21/24,7:00 PM,7:00 PM,N.Y. Islanders,Detroit
Thu.,11/21/24,7:00 PM,7:00 PM,Carolina,New Jersey
Thu.,11/21/24,7:00 PM,7:00 PM,Colorado,Washington
Thu.,11/21/24,7:00 PM,7:00 PM,Tampa Bay,Columbus
Thu.,11/21/24,8:00 PM,7:00 PM,San Jose,St. Louis
Thu.,11/21/24,8:30 PM,7:30 PM,Florida,Chicago
Thu.,11/21/24,9:00 PM,7:00 PM,N.Y. Rangers,Calgary
Thu.,11/21/24,9:00 PM,7:00 PM,Minnesota,Edmonton
Fri.,11/22/24,7:00 PM,7:00 PM,Winnipeg,Pittsburgh
Fri.,11/22/24,10:00 PM,7:00 PM,Buffalo,Anaheim
Sat.,11/23/24,1:00 PM,1:00 PM,Chicago,Philadelphia
Sat.,11/23/24,4:00 PM,2:00 PM,Minnesota,Calgary
Sat.,11/23/24,4:00 PM,1:00 PM,Seattle,Los Angeles
Sat.,11/23/24,6:00 PM,6:00 PM,Colorado,Florida
Sat.,11/23/24,7:00 PM,7:00 PM,Vegas,Montreal
Sat.,11/23/24,7:00 PM,7:00 PM,Vancouver,Ottawa
Sat.,11/23/24,7:00 PM,7:00 PM,Boston,Detroit
Sat.,11/23/24,7:00 PM,7:00 PM,Dallas,Tampa Bay
Sat.,11/23/24,7:00 PM,7:00 PM,Utah,Pittsburgh
Sat.,11/23/24,7:00 PM,7:00 PM,New Jersey,Washington
Sat.,11/23/24,7:00 PM,7:00 PM,Carolina,Columbus
Sat.,11/23/24,7:00 PM,6:00 PM,Winnipeg,Nashville
Sat.,11/23/24,7:30 PM,7:30 PM,St. Louis,N.Y. Islanders
Sat.,11/23/24,8:00 PM,5:00 PM,Buffalo,San Jose
Sat.,11/23/24,10:00 PM,8:00 PM,N.Y. Rangers,Edmonton
Sun.,11/24/24,7:00 PM,7:00 PM,Utah,Toronto
Mon.,11/25/24,7:00 PM,7:00 PM,Colorado,Tampa Bay
Mon.,11/25/24,7:00 PM,7:00 PM,Washington,Florida
Mon.,11/25/24,7:00 PM,7:00 PM,Nashville,New Jersey
Mon.,11/25/24,7:00 PM,7:00 PM,St. Louis,N.Y. Rangers
Mon.,11/25/24,7:00 PM,7:00 PM,Vegas,Philadelphia
Mon.,11/25/24,7:00 PM,7:00 PM,Dallas,Carolina
Mon.,11/25/24,7:30 PM,7:30 PM,Calgary,Ottawa
Mon.,11/25/24,7:30 PM,7:30 PM,Detroit,N.Y. Islanders
Mon.,11/25/24,8:00 PM,7:00 PM,Winnipeg,Minnesota
Mon.,11/25/24,10:00 PM,7:00 PM,Seattle,Anaheim
Mon.,11/25/24,10:30 PM,7:30 PM,Los Angeles,San Jose
Tue.,11/26/24,7:00 PM,7:00 PM,Vancouver,Boston
Tue.,11/26/24,7:00 PM,7:00 PM,Utah,Montreal
Wed.,11/27/24,7:00 PM,7:00 PM,Minnesota,Buffalo
Wed.,11/27/24,7:00 PM,7:00 PM,St. Louis,New Jersey
Wed.,11/27/24,7:00 PM,7:00 PM,N.Y. Rangers,Carolina
Wed.,11/27/24,7:30 PM,7:30 PM,Calgary,Detroit
Wed.,11/27/24,7:30 PM,7:30 PM,Washington,Tampa Bay
Wed.,11/27/24,7:30 PM,7:30 PM,Toronto,Florida
Wed.,11/27/24,7:30 PM,7:30 PM,Boston,N.Y. Islanders
Wed.,11/27/24,7:30 PM,7:30 PM,Vancouver,Pittsburgh
Wed.,11/27/24,7:30 PM,7:30 PM,Montreal,Columbus
Wed.,11/27/24,8:00 PM,7:00 PM,Philadelphia,Nashville
Wed.,11/27/24,8:30 PM,7:30 PM,Dallas,Chicago
Wed.,11/27/24,10:00 PM,8:00 PM,Vegas,Colorado
Wed.,11/27/24,10:00 PM,7:00 PM,Winnipeg,Los Angeles
Wed.,11/27/24,10:00 PM,7:00 PM,Anaheim,Seattle
Wed.,11/27/24,10:30 PM,7:30 PM,Ottawa,San Jose
Fri.,11/29/24,1:00 PM,1:00 PM,N.Y. Rangers,Philadelphia
Fri.,11/29/24,2:00 PM,1:00 PM,Chicago,Minnesota
Fri.,11/29/24,3:00 PM,3:00 PM,Vancouver,Buffalo
Fri.,11/29/24,3:00 PM,3:00 PM,New Jersey,Detroit
Fri.,11/29/24,3:00 PM,3:00 PM,N.Y. Islanders,Washington
Fri.,11/29/24,3:00 PM,3:00 PM,Florida,Carolina
Fri.,11/29/24,3:00 PM,3:00 PM,Calgary,Columbus
Fri.,11/29/24,3:00 PM,2:00 PM,Tampa Bay,Nashville
Fri.,11/29/24,3:30 PM,12:30 PM,Los Angeles,Anaheim
Fri.,11/29/24,3:30 PM,12:30 PM,Seattle,San Jose
Fri.,11/29/24,6:00 PM,6:00 PM,Pittsburgh,Boston
Fri.,11/29/24,8:30 PM,7:30 PM,Colorado,Dallas
Fri.,11/29/24,8:30 PM,5:30 PM,Winnipeg,Vegas
Fri.,11/29/24,9:00 PM,7:00 PM,Edmonton,Utah
Sat.,11/30/24,1:00 PM,1:00 PM,Montreal,N.Y. Rangers
Sat.,11/30/24,4:00 PM,4:00 PM,Carolina,Florida
Sat.,11/30/24,7:00 PM,7:00 PM,Toronto,Tampa Bay
Sat.,11/30/24,7:00 PM,7:00 PM,Washington,New Jersey
Sat.,11/30/24,7:00 PM,7:00 PM,Calgary,Pittsburgh
Sat.,11/30/24,7:00 PM,6:00 PM,Philadelphia,St. Louis
Sat.,11/30/24,7:00 PM,4:00 PM,Ottawa,Los Angeles
Sat.,11/30/24,7:30 PM,7:30 PM,Buffalo,N.Y. Islanders
Sat.,11/30/24,8:00 PM,7:00 PM,Nashville,Minnesota
Sat.,11/30/24,10:00 PM,8:00 PM,Edmonton,Colorado
Sat.,11/30/24,10:00 PM,7:00 PM,Utah,Vegas
Sat.,11/30/24,10:00 PM,7:00 PM,San Jose,Seattle
Sun.,12/1/24,12:30 PM,12:30 PM,Vancouver,Detroit
Sun.,12/1/24,3:00 PM,3:00 PM,Montreal,Boston
Sun.,12/1/24,3:00 PM,2:00 PM,Columbus,Chicago
Sun.,12/1/24,4:30 PM,3:30 PM,Winnipeg,Dallas
Sun.,12/1/24,8:00 PM,5:00 PM,Ottawa,Anaheim
Mon.,12/2/24,7:00 PM,7:00 PM,New Jersey,N.Y. Rangers
Mon.,12/2/24,7:30 PM,7:30 PM,Chicago,Toronto
Mon.,12/2/24,9:00 PM,7:00 PM,Dallas,Utah
Tue.,12/3/24,7:00 PM,7:00 PM,Detroit,Boston
Tue.,12/3/24,7:00 PM,7:00 PM,Colorado,Buffalo
Tue.,12/3/24,7:00 PM,7:00 PM,N.Y. Islanders,Montreal
Tue.,12/3/24,7:00 PM,7:00 PM,Florida,Pittsburgh
Tue.,12/3/24,7:00 PM,7:00 PM,San Jose,Washington
Tue.,12/3/24,7:00 PM,7:00 PM,Seattle,Carolina
Tue.,12/3/24,8:00 PM,7:00 PM,Vancouver,Minnesota
Tue.,12/3/24,8:00 PM,7:00 PM,St. Louis,Winnipeg
Tue.,12/3/24,9:00 PM,7:00 PM,Columbus,Calgary
Tue.,12/3/24,10:00 PM,7:00 PM,Edmonton,Vegas
Wed.,12/4/24,7:30 PM,7:30 PM,Nashville,Toronto
Wed.,12/4/24,7:30 PM,6:30 PM,Boston,Chicago
Wed.,12/4/24,10:00 PM,7:00 PM,Vegas,Anaheim
Wed.,12/4/24,10:00 PM,7:00 PM,Dallas,Los Angeles
Thu.,12/5/24,7:00 PM,7:00 PM,Winnipeg,Buffalo
Thu.,12/5/24,7:00 PM,7:00 PM,Nashville,Montreal
Thu.,12/5/24,7:00 PM,7:00 PM,Detroit,Ottawa
Thu.,12/5/24,7:00 PM,7:00 PM,San Jose,Tampa Bay
Thu.,12/5/24,7:00 PM,7:00 PM,Florida,Philadelphia
Thu.,12/5/24,7:00 PM,7:00 PM,Colorado,Carolina
Thu.,12/5/24,7:30 PM,7:30 PM,Seattle,N.Y. Islanders
Thu.,12/5/24,9:00 PM,7:00 PM,St. Louis,Calgary
Thu.,12/5/24,9:00 PM,7:00 PM,Columbus,Edmonton
Fri.,12/6/24,7:00 PM,7:00 PM,Washington,Toronto
Fri.,12/6/24,7:00 PM,7:00 PM,Seattle,New Jersey
Fri.,12/6/24,7:00 PM,7:00 PM,Pittsburgh,N.Y. Rangers
Fri.,12/6/24,10:00 PM,7:00 PM,Columbus,Vancouver
Fri.,12/6/24,10:00 PM,7:00 PM,Dallas,Vegas
Fri.,12/6/24,10:00 PM,7:00 PM,Minnesota,Anaheim
Sat.,12/7/24,1:00 PM,1:00 PM,Philadelphia,Boston
Sat.,12/7/24,1:00 PM,1:00 PM,Utah,Buffalo
Sat.,12/7/24,4:00 PM,3:00 PM,Winnipeg,Chicago
Sat.,12/7/24,5:00 PM,5:00 PM,Carolina,N.Y. Islanders
Sat.,12/7/24,6:00 PM,6:00 PM,San Jose,Florida
Sat.,12/7/24,7:00 PM,7:00 PM,Washington,Montreal
Sat.,12/7/24,7:00 PM,7:00 PM,Nashville,Ottawa
Sat.,12/7/24,7:00 PM,7:00 PM,Colorado,Detroit
Sat.,12/7/24,7:00 PM,7:00 PM,Toronto,Pittsburgh
Sat.,12/7/24,8:00 PM,5:00 PM,Minnesota,Los Angeles
Sat.,12/7/24,10:00 PM,8:00 PM,St. Louis,Edmonton
Sun.,12/8/24,1:00 PM,1:00 PM,Seattle,N.Y. Rangers
Sun.,12/8/24,4:00 PM,1:00 PM,Tampa Bay,Vancouver
Sun.,12/8/24,5:30 PM,5:30 PM,N.Y. Islanders,Ottawa
Sun.,12/8/24,6:00 PM,5:00 PM,Columbus,Winnipeg
Sun.,12/8/24,7:00 PM,7:00 PM,Colorado,New Jersey
Sun.,12/8/24,7:00 PM,7:00 PM,Utah,Philadelphia
Sun.,12/8/24,8:00 PM,7:00 PM,Calgary,Dallas
Mon.,12/9/24,7:00 PM,7:00 PM,Detroit,Buffalo
Mon.,12/9/24,7:00 PM,7:00 PM,Chicago,N.Y. Rangers
Mon.,12/9/24,7:30 PM,7:30 PM,Anaheim,Montreal
Tue.,12/10/24,7:00 PM,7:00 PM,Toronto,New Jersey
Tue.,12/10/24,7:00 PM,7:00 PM,Colorado,Pittsburgh
Tue.,12/10/24,7:00 PM,7:00 PM,San Jose,Carolina
Tue.,12/10/24,7:00 PM,7:00 PM,Philadelphia,Columbus
Tue.,12/10/24,7:30 PM,7:30 PM,Los Angeles,N.Y. Islanders
Tue.,12/10/24,8:00 PM,7:00 PM,Calgary,Nashville
Tue.,12/10/24,8:00 PM,7:00 PM,Boston,Winnipeg
Tue.,12/10/24,9:00 PM,7:00 PM,Tampa Bay,Edmonton
Tue.,12/10/24,9:00 PM,7:00 PM,Minnesota,Utah
Tue.,12/10/24,10:00 PM,7:00 PM,St. Louis,Vancouver
Tue.,12/10/24,10:00 PM,7:00 PM,Florida,Seattle
Wed.,12/11/24,7:30 PM,7:30 PM,N.Y. Rangers,Buffalo
Wed.,12/11/24,7:30 PM,7:30 PM,Anaheim,Ottawa
Thu.,12/12/24,7:00 PM,7:00 PM,Anaheim,Toronto
Thu.,12/12/24,7:00 PM,7:00 PM,Pittsburgh,Montreal
Thu.,12/12/24,7:00 PM,7:00 PM,Los Angeles,New Jersey
Thu.,12/12/24,7:00 PM,7:00 PM,Detroit,Philadelphia
Thu.,12/12/24,7:00 PM,7:00 PM,Washington,Columbus
Thu.,12/12/24,7:30 PM,7:30 PM,Chicago,N.Y. Islanders
Thu.,12/12/24,8:00 PM,7:00 PM,San Jose,St. Louis
Thu.,12/12/24,8:00 PM,7:00 PM,Nashville,Dallas
Thu.,12/12/24,8:00 PM,7:00 PM,Edmonton,Minnesota
Thu.,12/12/24,8:00 PM,7:00 PM,Vegas,Winnipeg
Thu.,12/12/24,9:00 PM,7:00 PM,Utah,Colorado
Thu.,12/12/24,9:00 PM,7:00 PM,Tampa Bay,Calgary
Thu.,12/12/24,10:00 PM,7:00 PM,Florida,Vancouver
Thu.,12/12/24,10:00 PM,7:00 PM,Boston,Seattle
Fri.,12/13/24,7:00 PM,7:00 PM,Ottawa,Carolina
Sat.,12/14/24,1:00 PM,1:00 PM,Chicago,New Jersey
Sat.,12/14/24,1:00 PM,1:00 PM,Los Angeles,N.Y. Rangers
Sat.,12/14/24,2:00 PM,1:00 PM,Philadelphia,Minnesota
Sat.,12/14/24,4:00 PM,2:00 PM,Vegas,Edmonton
Sat.,12/14/24,7:00 PM,7:00 PM,Pittsburgh,Ottawa
Sat.,12/14/24,7:00 PM,7:00 PM,Toronto,Detroit
Sat.,12/14/24,7:00 PM,7:00 PM,Buffalo,Washington
Sat.,12/14/24,7:00 PM,7:00 PM,Anaheim,Columbus
Sat.,12/14/24,7:00 PM,6:00 PM,Montreal,Winnipeg
Sat.,12/14/24,8:00 PM,7:00 PM,St. Louis,Dallas
Sat.,12/14/24,9:00 PM,7:00 PM,Nashville,Colorado
Sat.,12/14/24,10:00 PM,8:00 PM,Florida,Calgary
Sat.,12/14/24,10:00 PM,7:00 PM,Boston,Vancouver
Sat.,12/14/24,10:00 PM,7:00 PM,Utah,San Jose
Sat.,12/14/24,10:00 PM,7:00 PM,Tampa Bay,Seattle
Sun.,12/15/24,3:00 PM,2:00 PM,N.Y. Islanders,Chicago
Sun.,12/15/24,5:00 PM,5:00 PM,Buffalo,Toronto
Sun.,12/15/24,5:00 PM,5:00 PM,Columbus,Carolina
Sun.,12/15/24,6:00 PM,5:00 PM,N.Y. Rangers,St. Louis
Sun.,12/15/24,6:00 PM,5:00 PM,Vegas,Minnesota
Mon.,12/16/24,8:00 PM,7:00 PM,Washington,Dallas
Mon.,12/16/24,8:30 PM,6:30 PM,Florida,Edmonton
Mon.,12/16/24,10:30 PM,7:30 PM,Colorado,Vancouver
Tue.,12/17/24,7:00 PM,7:00 PM,Buffalo,Montreal
Tue.,12/17/24,7:00 PM,7:00 PM,Columbus,Tampa Bay
Tue.,12/17/24,7:00 PM,7:00 PM,Los Angeles,Pittsburgh
Tue.,12/17/24,7:00 PM,7:00 PM,N.Y. Islanders,Carolina
Tue.,12/17/24,8:00 PM,7:00 PM,New Jersey,St. Louis
Tue.,12/17/24,8:00 PM,7:00 PM,N.Y. Rangers,Nashville
Tue.,12/17/24,8:30 PM,7:30 PM,Washington,Chicago
Tue.,12/17/24,9:00 PM,7:00 PM,Boston,Calgary
Tue.,12/17/24,10:00 PM,7:00 PM,Ottawa,Seattle
Tue.,12/17/24,10:30 PM,7:30 PM,Winnipeg,San Jose
Wed.,12/18/24,7:00 PM,7:00 PM,Philadelphia,Detroit
Wed.,12/18/24,7:30 PM,6:30 PM,Toronto,Dallas
Wed.,12/18/24,9:30 PM,8:30 PM,Florida,Minnesota
Wed.,12/18/24,10:00 PM,8:00 PM,Vancouver,Utah
Wed.,12/18/24,10:00 PM,7:00 PM,Winnipeg,Anaheim
Thu.,12/19/24,7:00 PM,7:00 PM,St. Louis,Tampa Bay
Thu.,12/19/24,7:00 PM,7:00 PM,Los Angeles,Philadelphia
Thu.,12/19/24,7:00 PM,7:00 PM,New Jersey,Columbus
Thu.,12/19/24,8:00 PM,7:00 PM,Pittsburgh,Nashville
Thu.,12/19/24,8:30 PM,7:30 PM,Seattle,Chicago
Thu.,12/19/24,9:00 PM,7:00 PM,Ottawa,Calgary
Thu.,12/19/24,9:00 PM,7:00 PM,Boston,Edmonton
Thu.,12/19/24,10:00 PM,7:00 PM,Vancouver,Vegas
Thu.,12/19/24,10:30 PM,7:30 PM,Colorado,San Jose
Fri.,12/20/24,7:00 PM,7:00 PM,Toronto,Buffalo
Fri.,12/20/24,7:00 PM,7:00 PM,Montreal,Detroit
Fri.,12/20/24,7:00 PM,7:00 PM,St. Louis,Florida
Fri.,12/20/24,7:00 PM,7:00 PM,Carolina,Washington
Fri.,12/20/24,8:00 PM,7:00 PM,N.Y. Rangers,Dallas
Fri.,12/20/24,8:00 PM,7:00 PM,Utah,Minnesota
Fri.,12/20/24,10:00 PM,7:00 PM,Colorado,Anaheim
Sat.,12/21/24,1:30 PM,12:30 PM,Los Angeles,Nashville
Sat.,12/21/24,4:00 PM,2:00 PM,Chicago,Calgary
Sat.,12/21/24,4:00 PM,2:00 PM,San Jose,Edmonton
Sat.,12/21/24,7:00 PM,7:00 PM,Buffalo,Boston
Sat.,12/21/24,7:00 PM,7:00 PM,N.Y. Islanders,Toronto
Sat.,12/21/24,7:00 PM,7:00 PM,Detroit,Montreal
Sat.,12/21/24,7:00 PM,7:00 PM,Pittsburgh,New Jersey
Sat.,12/21/24,7:00 PM,7:00 PM,Columbus,Philadelphia
Sat.,12/21/24,7:00 PM,6:00 PM,Minnesota,Winnipeg
Sat.,12/21/24,10:00 PM,7:00 PM,Ottawa,Vancouver
Sat.,12/21/24,10:00 PM,7:00 PM,Seattle,Vegas
Sun.,12/22/24,12:30 PM,12:30 PM,Carolina,N.Y. Rangers
Sun.,12/22/24,5:00 PM,5:00 PM,Florida,Tampa Bay
Sun.,12/22/24,5:00 PM,5:00 PM,Los Angeles,Washington
Sun.,12/22/24,5:00 PM,3:00 PM,Anaheim,Utah
Sun.,12/22/24,8:00 PM,6:00 PM,Seattle,Colorado
Sun.,12/22/24,8:00 PM,6:00 PM,Ottawa,Edmonton
Mon.,12/23/24,1:00 PM,1:00 PM,N.Y. Rangers,New Jersey
Mon.,12/23/24,2:00 PM,2:00 PM,Winnipeg,Toronto
Mon.,12/23/24,7:00 PM,7:00 PM,Washington,Boston
Mon.,12/23/24,7:00 PM,7:00 PM,St. Louis,Detroit
Mon.,12/23/24,7:00 PM,7:00 PM,Tampa Bay,Florida
Mon.,12/23/24,7:00 PM,7:00 PM,Philadelphia,Pittsburgh
Mon.,12/23/24,7:00 PM,7:00 PM,Montreal,Columbus
Mon.,12/23/24,7:30 PM,7:30 PM,Buffalo,N.Y. Islanders
Mon.,12/23/24,8:00 PM,7:00 PM,Carolina,Nashville
Mon.,12/23/24,8:00 PM,7:00 PM,Chicago,Minnesota
Mon.,12/23/24,9:00 PM,6:00 PM,San Jose,Vancouver
Mon.,12/23/24,9:00 PM,7:00 PM,Dallas,Utah
Mon.,12/23/24,10:00 PM,7:00 PM,Anaheim,Vegas
Fri.,12/27/24,7:00 PM,7:00 PM,Chicago,Buffalo
Fri.,12/27/24,7:00 PM,7:00 PM,Toronto,Detroit
Fri.,12/27/24,7:00 PM,7:00 PM,Carolina,New Jersey
Fri.,12/27/24,7:00 PM,7:00 PM,Boston,Columbus
Fri.,12/27/24,8:00 PM,7:00 PM,Nashville,St. Louis
Fri.,12/27/24,8:00 PM,7:00 PM,Minnesota,Dallas
Fri.,12/27/24,9:00 PM,7:00 PM,Colorado,Utah
Fri.,12/27/24,10:30 PM,7:30 PM,Vegas,San Jose
Sat.,12/28/24,1:00 PM,1:00 PM,Montreal,Florida
Sat.,12/28/24,4:00 PM,1:00 PM,Seattle,Vancouver
Sat.,12/28/24,4:00 PM,1:00 PM,Philadelphia,Anaheim
Sat.,12/28/24,4:00 PM,1:00 PM,Edmonton,Los Angeles
Sat.,12/28/24,7:00 PM,7:00 PM,Columbus,Boston
Sat.,12/28/24,7:00 PM,7:00 PM,Washington,Toronto
Sat.,12/28/24,7:00 PM,7:00 PM,N.Y. Rangers,Tampa Bay
Sat.,12/28/24,7:00 PM,7:00 PM,New Jersey,Carolina
Sat.,12/28/24,7:00 PM,6:00 PM,Ottawa,Winnipeg
Sat.,12/28/24,7:30 PM,7:30 PM,Pittsburgh,N.Y. Islanders
Sat.,12/28/24,10:00 PM,7:00 PM,Calgary,San Jose
Sun.,12/29/24,3:00 PM,2:00 PM,Dallas,Chicago
Sun.,12/29/24,4:00 PM,1:00 PM,Edmonton,Anaheim
Sun.,12/29/24,5:00 PM,5:00 PM,Washington,Detroit
Sun.,12/29/24,5:00 PM,5:00 PM,Montreal,Tampa Bay
Sun.,12/29/24,5:30 PM,5:30 PM,N.Y. Islanders,Pittsburgh
Sun.,12/29/24,6:00 PM,5:00 PM,Buffalo,St. Louis
Sun.,12/29/24,8:00 PM,7:00 PM,Ottawa,Minnesota
Sun.,12/29/24,8:00 PM,5:00 PM,Calgary,Vegas
Sun.,12/29/24,9:00 PM,6:00 PM,Philadelphia,Los Angeles
Mon.,12/30/24,7:00 PM,7:00 PM,N.Y. Rangers,Florida
Mon.,12/30/24,7:30 PM,6:30 PM,Nashville,Winnipeg
Mon.,12/30/24,8:00 PM,5:00 PM,Utah,Seattle
Tue.,12/31/24,12:30 PM,12:30 PM,Boston,Washington
Tue.,12/31/24,1:00 PM,1:00 PM,N.Y. Islanders,Toronto
Tue.,12/31/24,3:00 PM,12:00 PM,Montreal,Vegas
Tue.,12/31/24,5:00 PM,4:00 PM,St. Louis,Chicago
Tue.,12/31/24,8:00 PM,8:00 PM,Pittsburgh,Detroit
Tue.,12/31/24,8:00 PM,8:00 PM,Carolina,Columbus
Tue.,12/31/24,8:00 PM,7:00 PM,Buffalo,Dallas
Tue.,12/31/24,8:00 PM,7:00 PM,Nashville,Minnesota
Tue.,12/31/24,8:00 PM,6:00 PM,Winnipeg,Colorado
Tue.,12/31/24,8:00 PM,5:00 PM,New Jersey,Anaheim
Tue.,12/31/24,8:00 PM,5:00 PM,Philadelphia,San Jose
Tue.,12/31/24,9:00 PM,7:00 PM,Vancouver,Calgary
Tue.,12/31/24,9:00 PM,7:00 PM,Utah,Edmonton
Wed.,1/1/25,6:00 PM,3:00 PM,New Jersey,Los Angeles
Thu.,1/2/25,7:00 PM,7:00 PM,Carolina,Florida
Thu.,1/2/25,7:00 PM,7:00 PM,Boston,N.Y. Rangers
Thu.,1/2/25,7:00 PM,7:00 PM,Minnesota,Washington
Thu.,1/2/25,7:00 PM,7:00 PM,Detroit,Columbus
Thu.,1/2/25,7:30 PM,7:30 PM,Toronto,N.Y. Islanders
Thu.,1/2/25,8:00 PM,7:00 PM,Ottawa,Dallas
Thu.,1/2/25,8:00 PM,7:00 PM,Anaheim,Winnipeg
Thu.,1/2/25,9:00 PM,7:00 PM,Buffalo,Colorado
Thu.,1/2/25,9:00 PM,7:00 PM,Utah,Calgary
Thu.,1/2/25,10:00 PM,7:00 PM,Philadelphia,Vegas
Thu.,1/2/25,10:00 PM,7:00 PM,Vancouver,Seattle
Thu.,1/2/25,10:30 PM,7:30 PM,Tampa Bay,San Jose
Fri.,1/3/25,7:00 PM,7:00 PM,Pittsburgh,Florida
Fri.,1/3/25,8:00 PM,7:00 PM,Montreal,Chicago
Fri.,1/3/25,8:00 PM,7:00 PM,Ottawa,St. Louis
Fri.,1/3/25,9:00 PM,7:00 PM,Anaheim,Edmonton
Fri.,1/3/25,9:00 PM,6:00 PM,Nashville,Vancouver
Sat.,1/4/25,12:00 PM,12:00 PM,N.Y. Rangers,Washington
Sat.,1/4/25,3:00 PM,2:00 PM,Detroit,Winnipeg
Sat.,1/4/25,4:00 PM,1:00 PM,New Jersey,San Jose
Sat.,1/4/25,7:00 PM,7:00 PM,Boston,Toronto
Sat.,1/4/25,7:00 PM,7:00 PM,Minnesota,Carolina
Sat.,1/4/25,7:00 PM,7:00 PM,St. Louis,Columbus
Sat.,1/4/25,7:00 PM,5:00 PM,Montreal,Colorado
Sat.,1/4/25,7:00 PM,5:00 PM,Nashville,Calgary
Sat.,1/4/25,8:00 PM,7:00 PM,Utah,Dallas
Sat.,1/4/25,9:00 PM,6:00 PM,Tampa Bay,Los Angeles
Sat.,1/4/25,10:00 PM,7:00 PM,Buffalo,Vegas
Sat.,1/4/25,10:00 PM,7:00 PM,Edmonton,Seattle
Sun.,1/5/25,3:00 PM,2:00 PM,N.Y. Rangers,Chicago
Sun.,1/5/25,6:00 PM,6:00 PM,N.Y. Islanders,Boston
Sun.,1/5/25,6:00 PM,6:00 PM,Pittsburgh,Carolina
Sun.,1/5/25,7:00 PM,7:00 PM,Philadelphia,Toronto
Sun.,1/5/25,8:00 PM,5:00 PM,Tampa Bay,Anaheim
Mon.,1/6/25,7:00 PM,7:00 PM,Washington,Buffalo
Mon.,1/6/25,7:30 PM,7:30 PM,Vancouver,Montreal
Mon.,1/6/25,9:00 PM,7:00 PM,Florida,Colorado
Mon.,1/6/25,10:00 PM,7:00 PM,New Jersey,Seattle
Tue.,1/7/25,7:00 PM,7:00 PM,Edmonton,Boston
Tue.,1/7/25,7:00 PM,7:00 PM,Ottawa,Detroit
Tue.,1/7/25,7:00 PM,7:00 PM,Dallas,N.Y. Rangers
Tue.,1/7/25,7:00 PM,7:00 PM,Toronto,Philadelphia
Tue.,1/7/25,7:00 PM,7:00 PM,Columbus,Pittsburgh
Tue.,1/7/25,8:00 PM,7:00 PM,St. Louis,Minnesota
Tue.,1/7/25,8:00 PM,7:00 PM,Nashville,Winnipeg
Tue.,1/7/25,10:00 PM,7:00 PM,Calgary,Anaheim
Tue.,1/7/25,10:30 PM,7:30 PM,Vegas,San Jose
Wed.,1/8/25,7:30 PM,7:30 PM,Vancouver,Washington
Wed.,1/8/25,7:30 PM,6:30 PM,Colorado,Chicago
Wed.,1/8/25,10:00 PM,8:00 PM,Florida,Utah
Wed.,1/8/25,10:30 PM,7:30 PM,Calgary,Los Angeles
Thu.,1/9/25,7:00 PM,7:00 PM,Buffalo,Ottawa
Thu.,1/9/25,7:00 PM,7:00 PM,Boston,Tampa Bay
Thu.,1/9/25,7:00 PM,7:00 PM,New Jersey,N.Y. Rangers
Thu.,1/9/25,7:00 PM,7:00 PM,Dallas,Philadelphia
Thu.,1/9/25,7:00 PM,7:00 PM,Edmonton,Pittsburgh
Thu.,1/9/25,7:00 PM,7:00 PM,Toronto,Carolina
Thu.,1/9/25,7:00 PM,7:00 PM,Seattle,Columbus
Thu.,1/9/25,8:00 PM,7:00 PM,Anaheim,St. Louis
Thu.,1/9/25,8:00 PM,7:00 PM,Colorado,Minnesota
Thu.,1/9/25,10:00 PM,7:00 PM,N.Y. Islanders,Vegas
Fri.,1/10/25,7:00 PM,7:00 PM,Chicago,Detroit
Fri.,1/10/25,7:00 PM,7:00 PM,Montreal,Washington
Fri.,1/10/25,7:00 PM,7:00 PM,Vancouver,Carolina
Fri.,1/10/25,8:00 PM,7:00 PM,Los Angeles,Winnipeg
Fri.,1/10/25,9:00 PM,7:00 PM,San Jose,Utah
Sat.,1/11/25,1:00 PM,1:00 PM,Boston,Florida
Sat.,1/11/25,4:00 PM,4:00 PM,Seattle,Buffalo
Sat.,1/11/25,4:00 PM,4:00 PM,Ottawa,Pittsburgh
Sat.,1/11/25,7:00 PM,7:00 PM,Vancouver,Toronto
Sat.,1/11/25,7:00 PM,7:00 PM,Dallas,Montreal
Sat.,1/11/25,7:00 PM,7:00 PM,Tampa Bay,New Jersey
Sat.,1/11/25,7:00 PM,7:00 PM,Anaheim,Philadelphia
Sat.,1/11/25,7:00 PM,6:00 PM,Edmonton,Chicago
Sat.,1/11/25,7:00 PM,6:00 PM,Columbus,St. Louis
Sat.,1/11/25,7:00 PM,6:00 PM,Colorado,Winnipeg
Sat.,1/11/25,8:00 PM,7:00 PM,Washington,Nashville
Sat.,1/11/25,9:00 PM,7:00 PM,N.Y. Islanders,Utah
Sat.,1/11/25,10:00 PM,8:00 PM,Los Angeles,Calgary
Sat.,1/11/25,10:00 PM,7:00 PM,N.Y. Rangers,Vegas
Sat.,1/11/25,10:00 PM,7:00 PM,Minnesota,San Jose
Sun.,1/12/25,3:00 PM,3:00 PM,Seattle,Detroit
Sun.,1/12/25,5:00 PM,5:00 PM,Dallas,Ottawa
Sun.,1/12/25,5:00 PM,5:00 PM,Tampa Bay,Pittsburgh
Sun.,1/12/25,5:00 PM,5:00 PM,Anaheim,Carolina
Sun.,1/12/25,8:00 PM,5:00 PM,Minnesota,Vegas
Mon.,1/13/25,7:00 PM,7:00 PM,Florida,Philadelphia
Mon.,1/13/25,7:30 PM,6:30 PM,Calgary,Chicago
Mon.,1/13/25,9:30 PM,7:30 PM,Los Angeles,Edmonton
Tue.,1/14/25,7:00 PM,7:00 PM,Tampa Bay,Boston
Tue.,1/14/25,7:00 PM,7:00 PM,Dallas,Toronto
Tue.,1/14/25,7:00 PM,7:00 PM,San Jose,Detroit
Tue.,1/14/25,7:00 PM,7:00 PM,Florida,New Jersey
Tue.,1/14/25,7:00 PM,7:00 PM,Seattle,Pittsburgh
Tue.,1/14/25,7:00 PM,7:00 PM,Anaheim,Washington
Tue.,1/14/25,7:00 PM,7:00 PM,Philadelphia,Columbus
Tue.,1/14/25,7:30 PM,7:30 PM,Ottawa,N.Y. Islanders
Tue.,1/14/25,8:00 PM,7:00 PM,Calgary,St. Louis
Tue.,1/14/25,8:00 PM,7:00 PM,Vegas,Nashville
Tue.,1/14/25,8:00 PM,7:00 PM,Vancouver,Winnipeg
Tue.,1/14/25,9:00 PM,7:00 PM,N.Y. Rangers,Colorado
Tue.,1/14/25,9:00 PM,7:00 PM,Montreal,Utah
Wed.,1/15/25,6:00 PM,6:00 PM,Carolina,Buffalo
Wed.,1/15/25,8:30 PM,7:30 PM,Edmonton,Minnesota
Thu.,1/16/25,7:00 PM,7:00 PM,New Jersey,Toronto
Thu.,1/16/25,7:00 PM,7:00 PM,Washington,Ottawa
Thu.,1/16/25,7:00 PM,7:00 PM,Anaheim,Tampa Bay
Thu.,1/16/25,7:00 PM,7:00 PM,Detroit,Florida
Thu.,1/16/25,7:00 PM,7:00 PM,San Jose,Columbus
Thu.,1/16/25,7:30 PM,7:30 PM,Philadelphia,N.Y. Islanders
Thu.,1/16/25,8:00 PM,7:00 PM,Calgary,St. Louis
Thu.,1/16/25,8:00 PM,7:00 PM,Chicago,Nashville
Thu.,1/16/25,8:00 PM,7:00 PM,Montreal,Dallas
Thu.,1/16/25,8:00 PM,7:00 PM,Seattle,Winnipeg
Thu.,1/16/25,9:00 PM,7:00 PM,N.Y. Rangers,Utah
Thu.,1/16/25,9:30 PM,7:30 PM,Edmonton,Colorado
Thu.,1/16/25,10:00 PM,7:00 PM,Los Angeles,Vancouver
Fri.,1/17/25,7:00 PM,7:00 PM,Pittsburgh,Buffalo
Fri.,1/17/25,7:00 PM,7:00 PM,Vegas,Carolina
Sat.,1/18/25,12:30 PM,12:30 PM,Philadelphia,New Jersey
Sat.,1/18/25,3:00 PM,3:00 PM,Boston,Ottawa
Sat.,1/18/25,4:00 PM,2:00 PM,Dallas,Colorado
Sat.,1/18/25,6:00 PM,6:00 PM,Anaheim,Florida
Sat.,1/18/25,7:00 PM,7:00 PM,Toronto,Montreal
Sat.,1/18/25,7:00 PM,7:00 PM,Detroit,Tampa Bay
Sat.,1/18/25,7:00 PM,7:00 PM,Columbus,N.Y. Rangers
Sat.,1/18/25,7:00 PM,7:00 PM,Pittsburgh,Washington
Sat.,1/18/25,7:00 PM,6:00 PM,Calgary,Winnipeg
Sat.,1/18/25,7:30 PM,7:30 PM,San Jose,N.Y. Islanders
Sat.,1/18/25,8:00 PM,7:00 PM,Vegas,Chicago
Sat.,1/18/25,8:00 PM,7:00 PM,Minnesota,Nashville
Sat.,1/18/25,9:00 PM,7:00 PM,St. Louis,Utah
Sat.,1/18/25,10:00 PM,7:00 PM,Edmonton,Vancouver
Sat.,1/18/25,10:00 PM,7:00 PM,Los Angeles,Seattle
Sun.,1/19/25,1:00 PM,1:00 PM,Ottawa,New Jersey
Sun.,1/19/25,7:00 PM,7:00 PM,N.Y. Rangers,Montreal
Sun.,1/19/25,8:00 PM,7:00 PM,Detroit,Dallas
Mon.,1/20/25,1:00 PM,1:00 PM,San Jose,Boston
Mon.,1/20/25,3:00 PM,1:00 PM,Minnesota,Colorado
Mon.,1/20/25,4:00 PM,1:00 PM,Buffalo,Seattle
Mon.,1/20/25,6:00 PM,3:00 PM,St. Louis,Vegas
Mon.,1/20/25,7:30 PM,7:30 PM,Tampa Bay,Toronto
Mon.,1/20/25,7:30 PM,7:30 PM,Columbus,N.Y. Islanders
Mon.,1/20/25,8:30 PM,7:30 PM,Carolina,Chicago
Mon.,1/20/25,9:30 PM,7:30 PM,Winnipeg,Utah
Mon.,1/20/25,10:30 PM,7:30 PM,Pittsburgh,Los Angeles
Tue.,1/21/25,7:00 PM,7:00 PM,Tampa Bay,Montreal
Tue.,1/21/25,7:00 PM,7:00 PM,Ottawa,N.Y. Rangers
Tue.,1/21/25,7:00 PM,7:00 PM,Detroit,Philadelphia
Tue.,1/21/25,8:00 PM,7:00 PM,San Jose,Nashville
Tue.,1/21/25,8:00 PM,7:00 PM,Carolina,Dallas
Tue.,1/21/25,9:00 PM,7:00 PM,Washington,Edmonton
Tue.,1/21/25,10:00 PM,7:00 PM,Buffalo,Vancouver
Tue.,1/21/25,10:00 PM,7:00 PM,Florida,Anaheim
Wed.,1/22/25,7:30 PM,7:30 PM,Columbus,Toronto
Wed.,1/22/25,7:30 PM,7:30 PM,Boston,New Jersey
Wed.,1/22/25,9:30 PM,7:30 PM,Winnipeg,Colorado
Wed.,1/22/25,10:00 PM,7:00 PM,Florida,Los Angeles
Thu.,1/23/25,7:00 PM,7:00 PM,Ottawa,Boston
Thu.,1/23/25,7:00 PM,7:00 PM,Montreal,Detroit
Thu.,1/23/25,7:00 PM,7:00 PM,Philadelphia,N.Y. Rangers
Thu.,1/23/25,7:00 PM,7:00 PM,Columbus,Carolina
Thu.,1/23/25,8:00 PM,7:00 PM,Vegas,St. Louis
Thu.,1/23/25,8:00 PM,7:00 PM,Utah,Minnesota
Thu.,1/23/25,9:00 PM,7:00 PM,Buffalo,Calgary
Thu.,1/23/25,9:00 PM,7:00 PM,Vancouver,Edmonton
Thu.,1/23/25,10:00 PM,7:00 PM,Pittsburgh,Anaheim
Thu.,1/23/25,10:00 PM,7:00 PM,Washington,Seattle
Thu.,1/23/25,10:30 PM,7:30 PM,Nashville,San Jose
Fri.,1/24/25,7:30 PM,7:30 PM,Philadelphia,N.Y. Islanders
Fri.,1/24/25,7:30 PM,6:30 PM,Tampa Bay,Chicago
Fri.,1/24/25,8:00 PM,7:00 PM,Vegas,Dallas
Fri.,1/24/25,8:00 PM,7:00 PM,Utah,Winnipeg
Sat.,1/25/25,1:00 PM,1:00 PM,Colorado,Boston
Sat.,1/25/25,4:00 PM,2:00 PM,Buffalo,Edmonton
Sat.,1/25/25,4:00 PM,1:00 PM,Pittsburgh,Seattle
Sat.,1/25/25,7:00 PM,7:00 PM,New Jersey,Montreal
Sat.,1/25/25,7:00 PM,7:00 PM,Toronto,Ottawa
Sat.,1/25/25,7:00 PM,7:00 PM,Tampa Bay,Detroit
Sat.,1/25/25,7:00 PM,7:00 PM,Los Angeles,Columbus
Sat.,1/25/25,7:00 PM,6:00 PM,Dallas,St. Louis
Sat.,1/25/25,7:00 PM,6:00 PM,Calgary,Minnesota
Sat.,1/25/25,7:30 PM,7:30 PM,Carolina,N.Y. Islanders
Sat.,1/25/25,10:00 PM,7:00 PM,Washington,Vancouver
Sat.,1/25/25,10:00 PM,7:00 PM,Nashville,Anaheim
Sat.,1/25/25,10:00 PM,7:00 PM,Florida,San Jose
Sun.,1/26/25,1:00 PM,1:00 PM,Colorado,N.Y. Rangers
Sun.,1/26/25,5:00 PM,5:00 PM,Utah,Ottawa
Sun.,1/26/25,6:00 PM,5:00 PM,Calgary,Winnipeg
Sun.,1/26/25,7:00 PM,6:00 PM,Minnesota,Chicago
Sun.,1/26/25,8:00 PM,5:00 PM,Florida,Vegas
Mon.,1/27/25,7:00 PM,7:00 PM,Los Angeles,Detroit
Mon.,1/27/25,7:00 PM,7:00 PM,New Jersey,Philadelphia
Mon.,1/27/25,7:30 PM,6:30 PM,Vancouver,St. Louis
Mon.,1/27/25,9:30 PM,7:30 PM,Seattle,Edmonton
Mon.,1/27/25,10:30 PM,7:30 PM,Pittsburgh,San Jose
Tue.,1/28/25,7:00 PM,7:00 PM,Boston,Buffalo
Tue.,1/28/25,7:00 PM,7:00 PM,Winnipeg,Montreal
Tue.,1/28/25,7:00 PM,7:00 PM,Chicago,Tampa Bay
Tue.,1/28/25,7:00 PM,7:00 PM,Carolina,N.Y. Rangers
Tue.,1/28/25,7:30 PM,7:30 PM,Colorado,N.Y. Islanders
Tue.,1/28/25,9:00 PM,7:00 PM,Washington,Calgary
Tue.,1/28/25,10:00 PM,7:00 PM,Dallas,Vegas
Tue.,1/28/25,10:00 PM,7:00 PM,Anaheim,Seattle
Wed.,1/29/25,7:00 PM,7:00 PM,Minnesota,Toronto
Wed.,1/29/25,7:00 PM,7:00 PM,Los Angeles,Florida
Wed.,1/29/25,7:00 PM,7:00 PM,Philadelphia,New Jersey
Wed.,1/29/25,9:00 PM,8:00 PM,Vancouver,Nashville
Wed.,1/29/25,9:30 PM,7:30 PM,Pittsburgh,Utah
Thu.,1/30/25,7:00 PM,7:00 PM,Winnipeg,Boston
Thu.,1/30/25,7:00 PM,7:00 PM,Minnesota,Montreal
Thu.,1/30/25,7:00 PM,7:00 PM,Washington,Ottawa
Thu.,1/30/25,7:00 PM,7:00 PM,Los Angeles,Tampa Bay
Thu.,1/30/25,7:00 PM,7:00 PM,N.Y. Islanders,Philadelphia
Thu.,1/30/25,7:00 PM,7:00 PM,Chicago,Carolina
Thu.,1/30/25,9:00 PM,7:00 PM,Anaheim,Calgary
Thu.,1/30/25,9:00 PM,7:00 PM,Detroit,Edmonton
Thu.,1/30/25,10:00 PM,7:00 PM,Columbus,Vegas
Thu.,1/30/25,10:00 PM,7:00 PM,San Jose,Seattle
Fri.,1/31/25,7:00 PM,7:00 PM,Nashville,Buffalo
Fri.,1/31/25,8:00 PM,7:00 PM,Vancouver,Dallas
Fri.,1/31/25,9:00 PM,7:00 PM,St. Louis,Colorado
Fri.,1/31/25,9:00 PM,7:00 PM,Columbus,Utah
Sat.,2/1/25,1:00 PM,1:00 PM,Chicago,Florida
Sat.,2/1/25,3:30 PM,3:30 PM,N.Y. Rangers,Boston
Sat.,2/1/25,7:00 PM,7:00 PM,Minnesota,Ottawa
Sat.,2/1/25,7:00 PM,7:00 PM,N.Y. Islanders,Tampa Bay
Sat.,2/1/25,7:00 PM,7:00 PM,Nashville,Pittsburgh
Sat.,2/1/25,7:00 PM,7:00 PM,Winnipeg,Washington
Sat.,2/1/25,7:00 PM,7:00 PM,Los Angeles,Carolina
Sat.,2/1/25,7:00 PM,5:00 PM,Toronto,Edmonton
Sat.,2/1/25,10:00 PM,8:00 PM,Detroit,Calgary
Sun.,2/2/25,1:00 PM,1:00 PM,New Jersey,Buffalo
Sun.,2/2/25,3:00 PM,1:00 PM,Philadelphia,Colorado
Sun.,2/2/25,4:00 PM,1:00 PM,Montreal,Anaheim
Sun.,2/2/25,6:00 PM,6:00 PM,N.Y. Islanders,Florida
Sun.,2/2/25,6:00 PM,6:00 PM,Vegas,N.Y. Rangers
Sun.,2/2/25,6:00 PM,5:00 PM,Columbus,Dallas
Sun.,2/2/25,7:00 PM,5:00 PM,St. Louis,Utah
Sun.,2/2/25,8:00 PM,5:00 PM,Detroit,Vancouver
Sun.,2/2/25,9:00 PM,6:00 PM,Calgary,Seattle
Mon.,2/3/25,7:30 PM,6:30 PM,Ottawa,Nashville
Tue.,2/4/25,7:00 PM,7:00 PM,Minnesota,Boston
Tue.,2/4/25,7:00 PM,7:00 PM,Columbus,Buffalo
Tue.,2/4/25,7:00 PM,7:00 PM,Ottawa,Tampa Bay
Tue.,2/4/25,7:00 PM,7:00 PM,New Jersey,Pittsburgh
Tue.,2/4/25,7:00 PM,7:00 PM,Florida,Washington
Tue.,2/4/25,7:30 PM,7:30 PM,Vegas,N.Y. Islanders
Tue.,2/4/25,8:00 PM,7:00 PM,Edmonton,St. Louis
Tue.,2/4/25,8:00 PM,7:00 PM,Carolina,Winnipeg
Tue.,2/4/25,9:00 PM,7:00 PM,Toronto,Calgary
Tue.,2/4/25,9:00 PM,7:00 PM,Philadelphia,Utah
Tue.,2/4/25,10:00 PM,7:00 PM,Colorado,Vancouver
Tue.,2/4/25,10:00 PM,7:00 PM,Dallas,Anaheim
Tue.,2/4/25,10:00 PM,7:00 PM,Detroit,Seattle
Tue.,2/4/25,10:30 PM,7:30 PM,Montreal,San Jose
Wed.,2/5/25,7:00 PM,7:00 PM,Boston,N.Y. Rangers
Wed.,2/5/25,9:30 PM,8:30 PM,Edmonton,Chicago
Wed.,2/5/25,10:30 PM,7:30 PM,Montreal,Los Angeles
Thu.,2/6/25,7:00 PM,7:00 PM,Ottawa,Tampa Bay
Thu.,2/6/25,7:00 PM,7:00 PM,Vegas,New Jersey
Thu.,2/6/25,7:00 PM,7:00 PM,Washington,Philadelphia
Thu.,2/6/25,7:00 PM,7:00 PM,Utah,Columbus
Thu.,2/6/25,8:00 PM,7:00 PM,Florida,St. Louis
Thu.,2/6/25,8:00 PM,7:00 PM,Carolina,Minnesota
Thu.,2/6/25,9:00 PM,7:00 PM,Colorado,Calgary
Thu.,2/6/25,10:00 PM,7:00 PM,Toronto,Seattle
Thu.,2/6/25,10:30 PM,7:30 PM,Vancouver,San Jose
Fri.,2/7/25,7:00 PM,7:00 PM,Pittsburgh,N.Y. Rangers
Fri.,2/7/25,8:00 PM,7:00 PM,N.Y. Islanders,Winnipeg
Fri.,2/7/25,8:30 PM,7:30 PM,Nashville,Chicago
Fri.,2/7/25,9:00 PM,7:00 PM,Colorado,Edmonton
Fri.,2/7/25,10:30 PM,7:30 PM,Dallas,Los Angeles
Sat.,2/8/25,1:00 PM,1:00 PM,New Jersey,Montreal
Sat.,2/8/25,1:00 PM,1:00 PM,Tampa Bay,Detroit
Sat.,2/8/25,1:00 PM,1:00 PM,Utah,Carolina
Sat.,2/8/25,3:30 PM,3:30 PM,Vegas,Boston
Sat.,2/8/25,7:00 PM,7:00 PM,Ottawa,Florida
Sat.,2/8/25,7:00 PM,7:00 PM,Pittsburgh,Philadelphia
Sat.,2/8/25,7:00 PM,7:00 PM,N.Y. Rangers,Columbus
Sat.,2/8/25,7:00 PM,6:00 PM,Chicago,St. Louis
Sat.,2/8/25,7:00 PM,4:00 PM,Toronto,Vancouver
Sat.,2/8/25,8:00 PM,7:00 PM,Buffalo,Nashville
Sat.,2/8/25,8:00 PM,7:00 PM,N.Y. Islanders,Minnesota
Sat.,2/8/25,10:00 PM,8:00 PM,Seattle,Calgary
Sat.,2/8/25,10:00 PM,7:00 PM,Anaheim,Los Angeles
Sat.,2/8/25,10:00 PM,7:00 PM,Dallas,San Jose
Sun.,2/9/25,12:30 PM,12:30 PM,Utah,Washington
Sun.,2/9/25,1:00 PM,1:00 PM,Tampa Bay,Montreal
Sat.,2/22/25,1:00 PM,1:00 PM,Edmonton,Philadelphia
Sat.,2/22/25,1:00 PM,1:00 PM,Washington,Pittsburgh
Sat.,2/22/25,3:30 PM,3:30 PM,Minnesota,Detroit
Sat.,2/22/25,5:30 PM,5:30 PM,N.Y. Rangers,Buffalo
Sat.,2/22/25,6:00 PM,6:00 PM,Seattle,Florida
Sat.,2/22/25,6:00 PM,6:00 PM,Dallas,New Jersey
Sat.,2/22/25,6:00 PM,5:00 PM,Colorado,Nashville
Sat.,2/22/25,7:00 PM,7:00 PM,Anaheim,Boston
Sat.,2/22/25,7:00 PM,7:00 PM,Carolina,Toronto
Sat.,2/22/25,7:00 PM,7:00 PM,Montreal,Ottawa
Sat.,2/22/25,7:00 PM,7:00 PM,Chicago,Columbus
Sat.,2/22/25,7:00 PM,6:00 PM,Winnipeg,St. Louis
Sat.,2/22/25,9:00 PM,6:00 PM,Utah,Los Angeles
Sat.,2/22/25,10:00 PM,7:00 PM,Vancouver,Vegas
Sun.,2/23/25,1:00 PM,1:00 PM,Edmonton,Washington
Sun.,2/23/25,3:30 PM,3:30 PM,N.Y. Rangers,Pittsburgh
Sun.,2/23/25,6:00 PM,6:00 PM,Anaheim,Detroit
Sun.,2/23/25,6:00 PM,6:00 PM,Seattle,Tampa Bay
Sun.,2/23/25,6:00 PM,5:00 PM,Colorado,St. Louis
Sun.,2/23/25,6:00 PM,5:00 PM,New Jersey,Nashville
Sun.,2/23/25,7:00 PM,6:00 PM,Toronto,Chicago
Sun.,2/23/25,7:30 PM,7:30 PM,Dallas,N.Y. Islanders
Sun.,2/23/25,8:00 PM,6:00 PM,San Jose,Calgary
Sun.,2/23/25,8:00 PM,6:00 PM,Vancouver,Utah
Mon.,2/24/25,7:30 PM,6:30 PM,San Jose,Winnipeg
Mon.,2/24/25,10:30 PM,7:30 PM,Vegas,Los Angeles
Tue.,2/25/25,7:00 PM,7:00 PM,Toronto,Boston
Tue.,2/25/25,7:00 PM,7:00 PM,Anaheim,Buffalo
Tue.,2/25/25,7:00 PM,7:00 PM,Carolina,Montreal
Tue.,2/25/25,7:00 PM,7:00 PM,Edmonton,Tampa Bay
Tue.,2/25/25,7:00 PM,7:00 PM,Pittsburgh,Philadelphia
Tue.,2/25/25,7:00 PM,7:00 PM,Calgary,Washington
Tue.,2/25/25,7:00 PM,7:00 PM,Dallas,Columbus
Tue.,2/25/25,7:30 PM,7:30 PM,N.Y. Rangers,N.Y. Islanders
Tue.,2/25/25,8:00 PM,7:00 PM,Seattle,St. Louis
Tue.,2/25/25,8:00 PM,7:00 PM,Florida,Nashville
Tue.,2/25/25,8:00 PM,7:00 PM,Detroit,Minnesota
Tue.,2/25/25,9:00 PM,7:00 PM,Chicago,Utah
Wed.,2/26/25,7:00 PM,7:00 PM,Winnipeg,Ottawa
Wed.,2/26/25,9:30 PM,7:30 PM,New Jersey,Colorado
Wed.,2/26/25,10:00 PM,7:00 PM,Vancouver,Los Angeles
Thu.,2/27/25,7:00 PM,7:00 PM,N.Y. Islanders,Boston
Thu.,2/27/25,7:00 PM,7:00 PM,San Jose,Montreal
Thu.,2/27/25,7:00 PM,7:00 PM,Columbus,Detroit
Thu.,2/27/25,7:00 PM,7:00 PM,Calgary,Tampa Bay
Thu.,2/27/25,7:00 PM,7:00 PM,Edmonton,Florida
Thu.,2/27/25,7:00 PM,7:00 PM,Philadelphia,Pittsburgh
Thu.,2/27/25,7:00 PM,7:00 PM,St. Louis,Washington
Thu.,2/27/25,7:00 PM,7:00 PM,Buffalo,Carolina
Thu.,2/27/25,8:00 PM,7:00 PM,Winnipeg,Nashville
Thu.,2/27/25,9:00 PM,7:00 PM,Minnesota,Utah
Thu.,2/27/25,10:00 PM,7:00 PM,Chicago,Vegas
Thu.,2/27/25,10:00 PM,7:00 PM,Vancouver,Anaheim
Fri.,2/28/25,7:00 PM,7:00 PM,Toronto,N.Y. Rangers
Fri.,2/28/25,8:00 PM,7:00 PM,Los Angeles,Dallas
Fri.,2/28/25,9:00 PM,7:00 PM,Minnesota,Colorado
Sat.,3/1/25,12:30 PM,12:30 PM,Nashville,N.Y. Islanders
Sat.,3/1/25,12:30 PM,12:30 PM,Tampa Bay,Washington
Sat.,3/1/25,TBD,TBD,Detroit,Columbus
Sat.,3/1/25,3:00 PM,3:00 PM,Calgary,Florida
Sat.,3/1/25,3:00 PM,3:00 PM,Boston,Pittsburgh
Sat.,3/1/25,7:00 PM,7:00 PM,Montreal,Buffalo
Sat.,3/1/25,7:00 PM,7:00 PM,San Jose,Ottawa
Sat.,3/1/25,7:00 PM,7:00 PM,Edmonton,Carolina
Sat.,3/1/25,7:00 PM,6:00 PM,Philadelphia,Winnipeg
Sat.,3/1/25,8:00 PM,7:00 PM,Los Angeles,St. Louis
Sat.,3/1/25,9:00 PM,7:00 PM,New Jersey,Utah
Sat.,3/1/25,10:00 PM,7:00 PM,Chicago,Anaheim
Sat.,3/1/25,10:00 PM,7:00 PM,Vancouver,Seattle
Sun.,3/2/25,1:00 PM,1:00 PM,Toronto,Pittsburgh
Sun.,3/2/25,3:30 PM,2:30 PM,Boston,Minnesota
Sun.,3/2/25,5:00 PM,5:00 PM,Calgary,Carolina
Sun.,3/2/25,6:00 PM,5:00 PM,St. Louis,Dallas
Sun.,3/2/25,7:00 PM,7:00 PM,Nashville,N.Y. Rangers
Sun.,3/2/25,8:00 PM,5:00 PM,New Jersey,Vegas
Mon.,3/3/25,6:30 PM,6:30 PM,Ottawa,Washington
Mon.,3/3/25,7:00 PM,7:00 PM,Buffalo,Montreal
Mon.,3/3/25,7:00 PM,7:00 PM,Tampa Bay,Florida
Mon.,3/3/25,7:00 PM,7:00 PM,N.Y. Islanders,N.Y. Rangers
Mon.,3/3/25,7:30 PM,7:30 PM,San Jose,Toronto
Mon.,3/3/25,8:30 PM,7:30 PM,Los Angeles,Chicago
Tue.,3/4/25,7:00 PM,7:00 PM,Nashville,Boston
Tue.,3/4/25,7:00 PM,7:00 PM,San Jose,Buffalo
Tue.,3/4/25,7:00 PM,7:00 PM,Carolina,Detroit
Tue.,3/4/25,7:00 PM,7:00 PM,Columbus,Tampa Bay
Tue.,3/4/25,7:00 PM,7:00 PM,Calgary,Philadelphia
Tue.,3/4/25,7:30 PM,7:30 PM,Winnipeg,N.Y. Islanders
Tue.,3/4/25,8:00 PM,7:00 PM,New Jersey,Dallas
Tue.,3/4/25,9:00 PM,7:00 PM,Pittsburgh,Colorado
Tue.,3/4/25,9:00 PM,7:00 PM,Anaheim,Edmonton
Tue.,3/4/25,10:00 PM,7:00 PM,Minnesota,Seattle
Wed.,3/5/25,7:30 PM,7:30 PM,Washington,N.Y. Rangers
Wed.,3/5/25,7:30 PM,6:30 PM,Ottawa,Chicago
Wed.,3/5/25,10:00 PM,7:00 PM,Toronto,Vegas
Wed.,3/5/25,10:30 PM,7:30 PM,Anaheim,Vancouver
Wed.,3/5/25,10:30 PM,7:30 PM,St. Louis,Los Angeles
Thu.,3/6/25,7:00 PM,7:00 PM,Utah,Detroit
Thu.,3/6/25,7:00 PM,7:00 PM,Buffalo,Tampa Bay
Thu.,3/6/25,7:00 PM,7:00 PM,Columbus,Florida
Thu.,3/6/25,7:00 PM,7:00 PM,Winnipeg,Philadelphia
Thu.,3/6/25,7:00 PM,7:00 PM,Boston,Carolina
Thu.,3/6/25,8:00 PM,7:00 PM,Seattle,Nashville
Thu.,3/6/25,8:00 PM,7:00 PM,Calgary,Dallas
Thu.,3/6/25,9:00 PM,7:00 PM,Montreal,Edmonton
Thu.,3/6/25,9:30 PM,7:30 PM,San Jose,Colorado
Fri.,3/7/25,7:00 PM,7:00 PM,Winnipeg,New Jersey
Fri.,3/7/25,7:00 PM,7:00 PM,Detroit,Washington
Fri.,3/7/25,8:30 PM,7:30 PM,Utah,Chicago
Fri.,3/7/25,10:00 PM,7:00 PM,Minnesota,Vancouver
Fri.,3/7/25,10:00 PM,7:00 PM,Pittsburgh,Vegas
Fri.,3/7/25,10:00 PM,7:00 PM,St. Louis,Anaheim
Sat.,3/8/25,12:30 PM,12:30 PM,N.Y. Rangers,Ottawa
Sat.,3/8/25,12:30 PM,12:30 PM,Seattle,Philadelphia
Sat.,3/8/25,3:00 PM,3:00 PM,Boston,Tampa Bay
Sat.,3/8/25,6:00 PM,6:00 PM,Buffalo,Florida
Sat.,3/8/25,7:00 PM,5:00 PM,Toronto,Colorado
Sat.,3/8/25,7:00 PM,5:00 PM,Montreal,Calgary
Sat.,3/8/25,8:00 PM,7:00 PM,Chicago,Nashville
Sat.,3/8/25,8:00 PM,5:00 PM,St. Louis,Los Angeles
Sat.,3/8/25,10:00 PM,8:00 PM,Dallas,Edmonton
Sat.,3/8/25,10:00 PM,7:00 PM,N.Y. Islanders,San Jose
Sun.,3/9/25,1:00 PM,1:00 PM,New Jersey,Philadelphia
Sun.,3/9/25,3:30 PM,3:30 PM,Seattle,Washington
Sun.,3/9/25,3:30 PM,2:30 PM,Pittsburgh,Minnesota
Sun.,3/9/25,5:00 PM,5:00 PM,Winnipeg,Carolina
Sun.,3/9/25,6:00 PM,6:00 PM,Columbus,N.Y. Rangers
Sun.,3/9/25,8:00 PM,5:00 PM,Los Angeles,Vegas
Sun.,3/9/25,9:00 PM,6:00 PM,Dallas,Vancouver
Sun.,3/9/25,9:00 PM,6:00 PM,N.Y. Islanders,Anaheim
Mon.,3/10/25,6:30 PM,6:30 PM,Edmonton,Buffalo
Mon.,3/10/25,7:30 PM,7:30 PM,Detroit,Ottawa
Mon.,3/10/25,9:00 PM,7:00 PM,Chicago,Colorado
Mon.,3/10/25,10:00 PM,8:00 PM,Toronto,Utah
Tue.,3/11/25,7:00 PM,7:00 PM,Florida,Boston
Tue.,3/11/25,7:00 PM,7:00 PM,Columbus,New Jersey
Tue.,3/11/25,7:00 PM,7:00 PM,Ottawa,Philadelphia
Tue.,3/11/25,7:00 PM,7:00 PM,Vegas,Pittsburgh
Tue.,3/11/25,7:00 PM,7:00 PM,Tampa Bay,Carolina
Tue.,3/11/25,8:00 PM,7:00 PM,Colorado,Minnesota
Tue.,3/11/25,8:00 PM,7:00 PM,N.Y. Rangers,Winnipeg
Tue.,3/11/25,10:00 PM,7:00 PM,Montreal,Vancouver
Tue.,3/11/25,10:00 PM,7:00 PM,Washington,Anaheim
Tue.,3/11/25,10:30 PM,7:30 PM,N.Y. Islanders,Los Angeles
Tue.,3/11/25,10:30 PM,7:30 PM,Nashville,San Jose
Wed.,3/12/25,7:30 PM,7:30 PM,Buffalo,Detroit
Wed.,3/12/25,9:00 PM,7:00 PM,Vancouver,Calgary
Wed.,3/12/25,9:00 PM,7:00 PM,Anaheim,Utah
Wed.,3/12/25,10:30 PM,7:30 PM,Montreal,Seattle
Thu.,3/13/25,7:00 PM,7:00 PM,Florida,Toronto
Thu.,3/13/25,7:00 PM,7:00 PM,Boston,Ottawa
Thu.,3/13/25,7:00 PM,7:00 PM,Edmonton,New Jersey
Thu.,3/13/25,7:00 PM,7:00 PM,Tampa Bay,Philadelphia
Thu.,3/13/25,7:00 PM,7:00 PM,St. Louis,Pittsburgh
Thu.,3/13/25,7:00 PM,7:00 PM,Vegas,Columbus
Thu.,3/13/25,8:00 PM,7:00 PM,N.Y. Rangers,Minnesota
Thu.,3/13/25,10:30 PM,7:30 PM,Washington,Los Angeles
Thu.,3/13/25,10:30 PM,7:30 PM,Chicago,San Jose
Fri.,3/14/25,7:00 PM,7:00 PM,Detroit,Carolina
Fri.,3/14/25,7:30 PM,7:30 PM,Edmonton,N.Y. Islanders
Fri.,3/14/25,8:00 PM,7:00 PM,Dallas,Winnipeg
Fri.,3/14/25,9:00 PM,7:00 PM,Colorado,Calgary
Fri.,3/14/25,10:00 PM,7:00 PM,Nashville,Anaheim
Fri.,3/14/25,10:00 PM,7:00 PM,Utah,Seattle
Sat.,3/15/25,12:30 PM,12:30 PM,Vegas,Buffalo
Sat.,3/15/25,3:00 PM,3:00 PM,New Jersey,Pittsburgh
Sat.,3/15/25,5:00 PM,2:00 PM,Washington,San Jose
Sat.,3/15/25,7:00 PM,7:00 PM,Tampa Bay,Boston
Sat.,3/15/25,7:00 PM,7:00 PM,Ottawa,Toronto
Sat.,3/15/25,7:00 PM,7:00 PM,Florida,Montreal
Sat.,3/15/25,7:00 PM,7:00 PM,Carolina,Philadelphia
Sat.,3/15/25,7:00 PM,7:00 PM,N.Y. Rangers,Columbus
Sat.,3/15/25,8:00 PM,7:00 PM,St. Louis,Minnesota
Sat.,3/15/25,8:00 PM,5:00 PM,Nashville,Los Angeles
Sat.,3/15/25,10:00 PM,7:00 PM,Chicago,Vancouver
Sun.,3/16/25,1:00 PM,1:00 PM,Vegas,Detroit
Sun.,3/16/25,3:30 PM,1:30 PM,Dallas,Colorado
Sun.,3/16/25,6:00 PM,5:00 PM,Anaheim,St. Louis
Sun.,3/16/25,7:00 PM,7:00 PM,Edmonton,N.Y. Rangers
Sun.,3/16/25,7:30 PM,7:30 PM,Florida,N.Y. Islanders
Sun.,3/16/25,8:00 PM,5:00 PM,Utah,Vancouver
Sun.,3/16/25,9:00 PM,6:00 PM,Winnipeg,Seattle
Mon.,3/17/25,7:00 PM,7:00 PM,Buffalo,Boston
Mon.,3/17/25,7:00 PM,7:00 PM,Philadelphia,Tampa Bay
Mon.,3/17/25,7:00 PM,7:00 PM,New Jersey,Columbus
Mon.,3/17/25,7:30 PM,7:30 PM,Calgary,Toronto
Mon.,3/17/25,8:00 PM,7:00 PM,Los Angeles,Minnesota
Tue.,3/18/25,7:00 PM,7:00 PM,Ottawa,Montreal
Tue.,3/18/25,7:00 PM,7:00 PM,Calgary,N.Y. Rangers
Tue.,3/18/25,7:00 PM,7:00 PM,N.Y. Islanders,Pittsburgh
Tue.,3/18/25,7:00 PM,7:00 PM,Detroit,Washington
Tue.,3/18/25,8:00 PM,7:00 PM,St. Louis,Nashville
Tue.,3/18/25,8:00 PM,7:00 PM,Anaheim,Dallas
Tue.,3/18/25,8:30 PM,7:30 PM,Seattle,Chicago
Tue.,3/18/25,9:00 PM,7:00 PM,Utah,Edmonton
Tue.,3/18/25,10:00 PM,7:00 PM,Winnipeg,Vancouver
Wed.,3/19/25,7:00 PM,7:00 PM,Colorado,Toronto
Wed.,3/19/25,9:30 PM,8:30 PM,Seattle,Minnesota
Thu.,3/20/25,7:00 PM,7:00 PM,Colorado,Ottawa
Thu.,3/20/25,7:00 PM,7:00 PM,Calgary,New Jersey
Thu.,3/20/25,7:00 PM,7:00 PM,Toronto,N.Y. Rangers
Thu.,3/20/25,7:00 PM,7:00 PM,Philadelphia,Washington
Thu.,3/20/25,7:00 PM,7:00 PM,Florida,Columbus
Thu.,3/20/25,7:30 PM,7:30 PM,Montreal,N.Y. Islanders
Thu.,3/20/25,8:00 PM,7:00 PM,Vancouver,St. Louis
Thu.,3/20/25,8:00 PM,7:00 PM,Anaheim,Nashville
Thu.,3/20/25,8:00 PM,7:00 PM,Tampa Bay,Dallas
Thu.,3/20/25,8:30 PM,7:30 PM,Los Angeles,Chicago
Thu.,3/20/25,9:00 PM,7:00 PM,Winnipeg,Edmonton
Thu.,3/20/25,9:00 PM,7:00 PM,Buffalo,Utah
Thu.,3/20/25,10:00 PM,7:00 PM,Boston,Vegas
Thu.,3/20/25,10:30 PM,7:30 PM,Carolina,San Jose
Fri.,3/21/25,7:00 PM,7:00 PM,Columbus,Pittsburgh
Sat.,3/22/25,1:00 PM,1:00 PM,Vancouver,N.Y. Rangers
Sat.,3/22/25,2:00 PM,1:00 PM,Philadelphia,Dallas
Sat.,3/22/25,2:00 PM,1:00 PM,Buffalo,Minnesota
Sat.,3/22/25,3:00 PM,2:00 PM,Chicago,St. Louis
Sat.,3/22/25,4:00 PM,4:00 PM,Calgary,N.Y. Islanders
Sat.,3/22/25,4:00 PM,1:00 PM,Carolina,Los Angeles
Sat.,3/22/25,5:00 PM,5:00 PM,Florida,Washington
Sat.,3/22/25,5:00 PM,3:00 PM,Tampa Bay,Utah
Sat.,3/22/25,7:00 PM,7:00 PM,Colorado,Montreal
Sat.,3/22/25,7:00 PM,7:00 PM,Ottawa,New Jersey
Sat.,3/22/25,7:00 PM,6:00 PM,Toronto,Nashville
Sat.,3/22/25,8:00 PM,5:00 PM,Detroit,Vegas
Sat.,3/22/25,10:00 PM,8:00 PM,Seattle,Edmonton
Sat.,3/22/25,10:30 PM,7:30 PM,Boston,San Jose
Sun.,3/23/25,3:00 PM,2:00 PM,Philadelphia,Chicago
Sun.,3/23/25,3:00 PM,2:00 PM,Buffalo,Winnipeg
Sun.,3/23/25,6:00 PM,6:00 PM,Pittsburgh,Florida
Sun.,3/23/25,6:00 PM,5:00 PM,Nashville,St. Louis
Sun.,3/23/25,8:00 PM,5:00 PM,Tampa Bay,Vegas
Sun.,3/23/25,8:00 PM,5:00 PM,Carolina,Anaheim
Sun.,3/23/25,9:00 PM,6:00 PM,Boston,Los Angeles
Mon.,3/24/25,7:30 PM,7:30 PM,Vancouver,New Jersey
Mon.,3/24/25,7:30 PM,7:30 PM,Columbus,N.Y. Islanders
Mon.,3/24/25,8:00 PM,7:00 PM,Minnesota,Dallas
Mon.,3/24/25,9:00 PM,7:00 PM,Detroit,Utah
Tue.,3/25/25,7:00 PM,7:00 PM,Ottawa,Buffalo
Tue.,3/25/25,7:00 PM,7:00 PM,Philadelphia,Toronto
Tue.,3/25/25,7:00 PM,7:00 PM,Pittsburgh,Tampa Bay
Tue.,3/25/25,7:00 PM,7:00 PM,Nashville,Carolina
Tue.,3/25/25,8:00 PM,7:00 PM,Montreal,St. Louis
Tue.,3/25/25,8:00 PM,7:00 PM,Vegas,Minnesota
Tue.,3/25/25,8:00 PM,7:00 PM,Washington,Winnipeg
Tue.,3/25/25,9:00 PM,7:00 PM,Detroit,Colorado
Tue.,3/25/25,9:00 PM,7:00 PM,Seattle,Calgary
Tue.,3/25/25,10:30 PM,7:30 PM,N.Y. Rangers,Los Angeles
Wed.,3/26/25,7:30 PM,7:30 PM,Vancouver,N.Y. Islanders
Wed.,3/26/25,7:30 PM,6:30 PM,New Jersey,Chicago
Wed.,3/26/25,10:00 PM,8:00 PM,Dallas,Edmonton
Wed.,3/26/25,10:00 PM,7:00 PM,Boston,Anaheim
Thu.,3/27/25,7:00 PM,7:00 PM,Pittsburgh,Buffalo
Thu.,3/27/25,7:00 PM,7:00 PM,Ottawa,Detroit
Thu.,3/27/25,7:00 PM,7:00 PM,Utah,Tampa Bay
Thu.,3/27/25,7:00 PM,7:00 PM,Montreal,Philadelphia
Thu.,3/27/25,8:00 PM,7:00 PM,St. Louis,Nashville
Thu.,3/27/25,8:00 PM,7:00 PM,Washington,Minnesota
Thu.,3/27/25,9:00 PM,7:00 PM,Los Angeles,Colorado
Thu.,3/27/25,9:00 PM,7:00 PM,Dallas,Calgary
Thu.,3/27/25,10:00 PM,7:00 PM,Edmonton,Seattle
Thu.,3/27/25,10:30 PM,7:30 PM,Toronto,San Jose
Fri.,3/28/25,7:00 PM,7:00 PM,Utah,Florida
Fri.,3/28/25,7:00 PM,7:00 PM,Montreal,Carolina
Fri.,3/28/25,7:00 PM,7:00 PM,Vancouver,Columbus
Fri.,3/28/25,8:00 PM,7:00 PM,New Jersey,Winnipeg
Fri.,3/28/25,8:30 PM,7:30 PM,Vegas,Chicago
Fri.,3/28/25,10:00 PM,7:00 PM,N.Y. Rangers,Anaheim
Sat.,3/29/25,1:00 PM,1:00 PM,Buffalo,Philadelphia
Sat.,3/29/25,2:00 PM,2:00 PM,N.Y. Islanders,Tampa Bay
Sat.,3/29/25,4:30 PM,2:30 PM,St. Louis,Colorado
Sat.,3/29/25,6:00 PM,5:00 PM,New Jersey,Minnesota
Sat.,3/29/25,6:30 PM,5:30 PM,Vegas,Nashville
Sat.,3/29/25,7:00 PM,7:00 PM,Columbus,Ottawa
Sat.,3/29/25,7:00 PM,4:00 PM,Toronto,Los Angeles
Sat.,3/29/25,8:00 PM,8:00 PM,Boston,Detroit
Sat.,3/29/25,10:00 PM,8:00 PM,Calgary,Edmonton
Sat.,3/29/25,10:30 PM,7:30 PM,N.Y. Rangers,San Jose
Sat.,3/29/25,10:30 PM,7:30 PM,Dallas,Seattle
Sun.,3/30/25,1:00 PM,1:00 PM,Montreal,Florida
Sun.,3/30/25,3:00 PM,3:00 PM,Buffalo,Washington
Sun.,3/30/25,3:00 PM,2:00 PM,Vancouver,Winnipeg
Sun.,3/30/25,4:00 PM,3:00 PM,Utah,Chicago
Sun.,3/30/25,5:00 PM,5:00 PM,Ottawa,Pittsburgh
Sun.,3/30/25,5:00 PM,5:00 PM,N.Y. Islanders,Carolina
Sun.,3/30/25,8:00 PM,5:00 PM,Toronto,Anaheim
Sun.,3/30/25,9:00 PM,6:00 PM,San Jose,Los Angeles
Mon.,3/31/25,7:00 PM,7:00 PM,Minnesota,New Jersey
Mon.,3/31/25,7:00 PM,7:00 PM,Nashville,Philadelphia
Mon.,3/31/25,8:30 PM,6:30 PM,Calgary,Colorado
Mon.,3/31/25,10:00 PM,7:00 PM,Dallas,Seattle
Tue.,4/1/25,7:00 PM,7:00 PM,Washington,Boston
Tue.,4/1/25,7:00 PM,7:00 PM,Florida,Montreal
Tue.,4/1/25,7:00 PM,7:00 PM,Buffalo,Ottawa
Tue.,4/1/25,7:00 PM,7:00 PM,Nashville,Columbus
Tue.,4/1/25,7:30 PM,7:30 PM,Tampa Bay,N.Y. Islanders
Tue.,4/1/25,8:00 PM,7:00 PM,Detroit,St. Louis
Tue.,4/1/25,9:00 PM,7:00 PM,Calgary,Utah
Tue.,4/1/25,10:00 PM,7:00 PM,Edmonton,Vegas
Tue.,4/1/25,10:00 PM,7:00 PM,San Jose,Anaheim
Tue.,4/1/25,10:30 PM,7:30 PM,Winnipeg,Los Angeles
Wed.,4/2/25,7:00 PM,7:00 PM,Minnesota,N.Y. Rangers
Wed.,4/2/25,7:00 PM,7:00 PM,Washington,Carolina
Wed.,4/2/25,7:30 PM,7:30 PM,Florida,Toronto
Wed.,4/2/25,9:30 PM,8:30 PM,Colorado,Chicago
Wed.,4/2/25,10:30 PM,7:30 PM,Seattle,Vancouver
Thu.,4/3/25,7:00 PM,7:00 PM,Boston,Montreal
Thu.,4/3/25,7:00 PM,7:00 PM,Tampa Bay,Ottawa
Thu.,4/3/25,7:30 PM,7:30 PM,Colorado,Columbus
Thu.,4/3/25,8:00 PM,7:00 PM,Pittsburgh,St. Louis
Thu.,4/3/25,8:00 PM,7:00 PM,Nashville,Dallas
Thu.,4/3/25,9:00 PM,7:00 PM,Los Angeles,Utah
Thu.,4/3/25,9:30 PM,7:30 PM,Anaheim,Calgary
Thu.,4/3/25,10:00 PM,7:00 PM,Winnipeg,Vegas
Thu.,4/3/25,10:30 PM,7:30 PM,Edmonton,San Jose
Fri.,4/4/25,7:00 PM,7:00 PM,Carolina,Detroit
Fri.,4/4/25,7:00 PM,7:00 PM,Chicago,Washington
Fri.,4/4/25,7:30 PM,7:30 PM,Minnesota,N.Y. Islanders
Sat.,4/5/25,1:00 PM,1:00 PM,N.Y. Rangers,New Jersey
Sat.,4/5/25,2:00 PM,2:00 PM,Florida,Ottawa
Sat.,4/5/25,3:30 PM,2:30 PM,Pittsburgh,Dallas
Sat.,4/5/25,4:00 PM,1:00 PM,Anaheim,Vancouver
Sat.,4/5/25,4:00 PM,1:00 PM,Edmonton,Los Angeles
Sat.,4/5/25,7:00 PM,7:00 PM,Carolina,Boston
Sat.,4/5/25,7:00 PM,7:00 PM,Tampa Bay,Buffalo
Sat.,4/5/25,7:00 PM,7:00 PM,Columbus,Toronto
Sat.,4/5/25,7:00 PM,7:00 PM,Philadelphia,Montreal
Sat.,4/5/25,7:00 PM,6:00 PM,Colorado,St. Louis
Sat.,4/5/25,7:00 PM,5:00 PM,Winnipeg,Utah
Sat.,4/5/25,10:00 PM,8:00 PM,Vegas,Calgary
Sat.,4/5/25,10:00 PM,7:00 PM,Seattle,San Jose
Sun.,4/6/25,12:30 PM,12:30 PM,Washington,N.Y. Islanders
Sun.,4/6/25,3:00 PM,2:00 PM,Dallas,Minnesota
Sun.,4/6/25,5:00 PM,5:00 PM,Columbus,Ottawa
Sun.,4/6/25,5:30 PM,5:30 PM,Florida,Detroit
Sun.,4/6/25,6:00 PM,6:00 PM,Boston,Buffalo
Sun.,4/6/25,6:00 PM,5:00 PM,Pittsburgh,Chicago
Sun.,4/6/25,7:00 PM,6:00 PM,Montreal,Nashville
Sun.,4/6/25,10:00 PM,7:00 PM,Vegas,Vancouver
Mon.,4/7/25,7:00 PM,7:00 PM,Tampa Bay,N.Y. Rangers
Mon.,4/7/25,7:30 PM,6:30 PM,St. Louis,Winnipeg
Mon.,4/7/25,10:30 PM,7:30 PM,Edmonton,Anaheim
Mon.,4/7/25,10:30 PM,7:30 PM,Seattle,Los Angeles
Mon.,4/7/25,10:30 PM,7:30 PM,Calgary,San Jose
Tue.,4/8/25,7:00 PM,7:00 PM,Carolina,Buffalo
Tue.,4/8/25,7:00 PM,7:00 PM,Detroit,Montreal
Tue.,4/8/25,7:00 PM,7:00 PM,Toronto,Florida
Tue.,4/8/25,7:00 PM,7:00 PM,Boston,New Jersey
Tue.,4/8/25,7:00 PM,7:00 PM,Ottawa,Columbus
Tue.,4/8/25,7:30 PM,7:30 PM,Chicago,Pittsburgh
Tue.,4/8/25,8:00 PM,7:00 PM,N.Y. Islanders,Nashville
Tue.,4/8/25,8:00 PM,7:00 PM,Vancouver,Dallas
Tue.,4/8/25,9:00 PM,7:00 PM,Seattle,Utah
Tue.,4/8/25,10:00 PM,8:00 PM,Vegas,Colorado
Wed.,4/9/25,7:00 PM,7:00 PM,Toronto,Tampa Bay
Wed.,4/9/25,7:30 PM,7:30 PM,Philadelphia,N.Y. Rangers
Wed.,4/9/25,8:00 PM,7:00 PM,San Jose,Minnesota
Wed.,4/9/25,10:00 PM,8:00 PM,St. Louis,Edmonton
Wed.,4/9/25,10:00 PM,7:00 PM,Calgary,Anaheim
Thu.,4/10/25,7:00 PM,7:00 PM,Chicago,Boston
Thu.,4/10/25,7:00 PM,7:00 PM,Detroit,Florida
Thu.,4/10/25,7:00 PM,7:00 PM,Carolina,Washington
Thu.,4/10/25,7:00 PM,7:00 PM,Buffalo,Columbus
Thu.,4/10/25,7:30 PM,7:30 PM,N.Y. Rangers,N.Y. Islanders
Thu.,4/10/25,8:00 PM,7:00 PM,Winnipeg,Dallas
Thu.,4/10/25,9:00 PM,7:00 PM,Vancouver,Colorado
Thu.,4/10/25,9:00 PM,7:00 PM,Nashville,Utah
Thu.,4/10/25,10:00 PM,7:00 PM,Seattle,Vegas
Thu.,4/10/25,10:30 PM,7:30 PM,Anaheim,Los Angeles
Fri.,4/11/25,7:00 PM,7:00 PM,Montreal,Ottawa
Fri.,4/11/25,7:00 PM,7:00 PM,Detroit,Tampa Bay
Fri.,4/11/25,7:00 PM,7:00 PM,Pittsburgh,New Jersey
Fri.,4/11/25,9:30 PM,7:30 PM,San Jose,Edmonton
Fri.,4/11/25,10:00 PM,8:00 PM,Minnesota,Calgary
Sat.,4/12/25,1:00 PM,1:00 PM,N.Y. Islanders,Philadelphia
Sat.,4/12/25,3:30 PM,3:30 PM,N.Y. Rangers,Carolina
Sat.,4/12/25,4:00 PM,1:00 PM,Colorado,Los Angeles
Sat.,4/12/25,6:00 PM,6:00 PM,Buffalo,Florida
Sat.,4/12/25,7:00 PM,7:00 PM,Montreal,Toronto
Sat.,4/12/25,7:00 PM,7:00 PM,Washington,Columbus
Sat.,4/12/25,7:00 PM,6:00 PM,Winnipeg,Chicago
Sat.,4/12/25,8:00 PM,7:00 PM,Utah,Dallas
Sat.,4/12/25,10:00 PM,7:00 PM,Minnesota,Vancouver
Sat.,4/12/25,10:00 PM,7:00 PM,Nashville,Vegas
Sat.,4/12/25,10:00 PM,7:00 PM,St. Louis,Seattle
Sun.,4/13/25,1:00 PM,1:00 PM,Philadelphia,Ottawa
Sun.,4/13/25,1:00 PM,1:00 PM,N.Y. Islanders,New Jersey
Sun.,4/13/25,3:30 PM,3:30 PM,Boston,Pittsburgh
Sun.,4/13/25,5:00 PM,5:00 PM,Toronto,Carolina
Sun.,4/13/25,6:00 PM,6:00 PM,Buffalo,Tampa Bay
Sun.,4/13/25,6:00 PM,6:00 PM,Columbus,Washington
Sun.,4/13/25,7:00 PM,6:00 PM,Edmonton,Winnipeg
Sun.,4/13/25,8:00 PM,6:00 PM,San Jose,Calgary
Sun.,4/13/25,8:00 PM,5:00 PM,Colorado,Anaheim
Mon.,4/14/25,7:00 PM,7:00 PM,Chicago,Montreal
Mon.,4/14/25,7:00 PM,7:00 PM,Dallas,Detroit
Mon.,4/14/25,7:00 PM,7:00 PM,N.Y. Rangers,Florida
Mon.,4/14/25,8:00 PM,7:00 PM,Utah,Nashville
Mon.,4/14/25,10:00 PM,8:00 PM,Los Angeles,Edmonton
Mon.,4/14/25,10:00 PM,7:00 PM,San Jose,Vancouver
Tue.,4/15/25,7:00 PM,7:00 PM,New Jersey,Boston
Tue.,4/15/25,7:00 PM,7:00 PM,Toronto,Buffalo
Tue.,4/15/25,7:00 PM,7:00 PM,Chicago,Ottawa
Tue.,4/15/25,7:00 PM,7:00 PM,Florida,Tampa Bay
Tue.,4/15/25,7:00 PM,7:00 PM,Columbus,Philadelphia
Tue.,4/15/25,7:30 PM,7:30 PM,Washington,N.Y. Islanders
Tue.,4/15/25,8:00 PM,7:00 PM,Utah,St. Louis
Tue.,4/15/25,8:00 PM,7:00 PM,Anaheim,Minnesota
Tue.,4/15/25,9:00 PM,7:00 PM,Vegas,Calgary
Tue.,4/15/25,10:30 PM,7:30 PM,Los Angeles,Seattle
Wed.,4/16/25,7:00 PM,7:00 PM,Carolina,Montreal
Wed.,4/16/25,7:00 PM,6:00 PM,Anaheim,Winnipeg
Wed.,4/16/25,7:30 PM,7:30 PM,Detroit,New Jersey
Wed.,4/16/25,8:00 PM,7:00 PM,Dallas,Nashville
Wed.,4/16/25,10:00 PM,7:00 PM,Vegas,Vancouver
Wed.,4/16/25,10:30 PM,7:30 PM,Edmonton,San Jose
Thu.,4/17/25,7:00 PM,7:00 PM,Philadelphia,Buffalo
Thu.,4/17/25,7:00 PM,7:00 PM,Detroit,Toronto
Thu.,4/17/25,7:00 PM,7:00 PM,Carolina,Ottawa
Thu.,4/17/25,7:00 PM,7:00 PM,Tampa Bay,N.Y. Rangers
Thu.,4/17/25,7:00 PM,7:00 PM,Washington,Pittsburgh
Thu.,4/17/25,7:00 PM,7:00 PM,N.Y. Islanders,Columbus